"Date Printed: Sunday, December 1, 2024 6:24:57 PM"
Title: "Early Non-Primary, Non-Secondary Syphilis | Primary and Secondary Syphilis | 2016 | 2017 | 2018 | 2019 | 2020 (COVID-19 Pandemic) | 2021 | 2022 | 2023 | United States | American Indian/Alaska Native | Asian | Black/African American | Hispanic/Latino | Multiracial | Native Hawaiian/Other Pacific Islander | Unknown | White | Female | 15-19 | 20-24 | 25-29 | 30-34 | 35-39 | 40-44""
Footnote(s): 
   NA - Not Applicable.



Indicator,Year,Geography,FIPS,Age Group,Race/Ethnicity,Sex,Cases,Rate per 100000,Population
"Early Non-Primary, Non-Secondary Syphilis","2023","United States","NA","40-44","Multiracial","Female","61","31.2","195,441"
"Early Non-Primary, Non-Secondary Syphilis","2023","United States","NA","35-39","Multiracial","Female","117","52.4","223,153"
"Early Non-Primary, Non-Secondary Syphilis","2023","United States","NA","30-34","Multiracial","Female","156","55.0","283,577"
"Early Non-Primary, Non-Secondary Syphilis","2023","United States","NA","25-29","Multiracial","Female","131","40.1","326,425"
"Early Non-Primary, Non-Secondary Syphilis","2023","United States","NA","20-24","Multiracial","Female","98","26.4","370,572"
"Early Non-Primary, Non-Secondary Syphilis","2023","United States","NA","15-19","Multiracial","Female","55","12.5","438,296"
"Early Non-Primary, Non-Secondary Syphilis","2023","United States","NA","40-44","Unknown","Female","66","Data not available","NA"
"Early Non-Primary, Non-Secondary Syphilis","2023","United States","NA","35-39","Unknown","Female","82","Data not available","NA"
"Early Non-Primary, Non-Secondary Syphilis","2023","United States","NA","30-34","Unknown","Female","111","Data not available","NA"
"Early Non-Primary, Non-Secondary Syphilis","2023","United States","NA","25-29","Unknown","Female","104","Data not available","NA"
"Early Non-Primary, Non-Secondary Syphilis","2023","United States","NA","20-24","Unknown","Female","88","Data not available","NA"
"Early Non-Primary, Non-Secondary Syphilis","2023","United States","NA","15-19","Unknown","Female","50","Data not available","NA"
"Early Non-Primary, Non-Secondary Syphilis","2023","United States","NA","40-44","White","Female","456","7.5","6,059,630"
"Early Non-Primary, Non-Secondary Syphilis","2023","United States","NA","35-39","White","Female","660","10.7","6,150,719"
"Early Non-Primary, Non-Secondary Syphilis","2023","United States","NA","30-34","White","Female","786","12.7","6,205,777"
"Early Non-Primary, Non-Secondary Syphilis","2023","United States","NA","25-29","White","Female","710","12.5","5,670,972"
"Early Non-Primary, Non-Secondary Syphilis","2023","United States","NA","20-24","White","Female","545","9.9","5,518,156"
"Early Non-Primary, Non-Secondary Syphilis","2023","United States","NA","15-19","White","Female","135","2.5","5,384,908"
"Early Non-Primary, Non-Secondary Syphilis","2023","United States","NA","40-44","Native Hawaiian/Other Pacific Islander","Female","7","29.0","24,128"
"Early Non-Primary, Non-Secondary Syphilis","2023","United States","NA","35-39","Native Hawaiian/Other Pacific Islander","Female","11","42.6","25,840"
"Early Non-Primary, Non-Secondary Syphilis","2023","United States","NA","30-34","Native Hawaiian/Other Pacific Islander","Female","11","42.1","26,130"
"Early Non-Primary, Non-Secondary Syphilis","2023","United States","NA","25-29","Native Hawaiian/Other Pacific Islander","Female","11","48.5","22,684"
"Early Non-Primary, Non-Secondary Syphilis","2023","United States","NA","20-24","Native Hawaiian/Other Pacific Islander","Female","8","36.9","21,655"
"Early Non-Primary, Non-Secondary Syphilis","2023","United States","NA","15-19","Native Hawaiian/Other Pacific Islander","Female","1","4.5","22,439"
"Early Non-Primary, Non-Secondary Syphilis","2023","United States","NA","40-44","Hispanic/Latino","Female","238","10.8","2,204,363"
"Early Non-Primary, Non-Secondary Syphilis","2023","United States","NA","35-39","Hispanic/Latino","Female","393","17.6","2,230,399"
"Early Non-Primary, Non-Secondary Syphilis","2023","United States","NA","30-34","Hispanic/Latino","Female","562","23.4","2,398,314"
"Early Non-Primary, Non-Secondary Syphilis","2023","United States","NA","25-29","Hispanic/Latino","Female","630","25.9","2,431,408"
"Early Non-Primary, Non-Secondary Syphilis","2023","United States","NA","20-24","Hispanic/Latino","Female","622","24.3","2,561,546"
"Early Non-Primary, Non-Secondary Syphilis","2023","United States","NA","15-19","Hispanic/Latino","Female","212","7.6","2,778,693"
"Early Non-Primary, Non-Secondary Syphilis","2023","United States","NA","40-44","Black/African American","Female","277","19.0","1,458,260"
"Early Non-Primary, Non-Secondary Syphilis","2023","United States","NA","35-39","Black/African American","Female","473","31.1","1,519,458"
"Early Non-Primary, Non-Secondary Syphilis","2023","United States","NA","30-34","Black/African American","Female","788","45.3","1,738,159"
"Early Non-Primary, Non-Secondary Syphilis","2023","United States","NA","25-29","Black/African American","Female","968","62.2","1,555,513"
"Early Non-Primary, Non-Secondary Syphilis","2023","United States","NA","20-24","Black/African American","Female","939","63.1","1,487,082"
"Early Non-Primary, Non-Secondary Syphilis","2023","United States","NA","15-19","Black/African American","Female","313","21.1","1,482,731"
"Early Non-Primary, Non-Secondary Syphilis","2023","United States","NA","40-44","Asian","Female","12","1.4","866,750"
"Early Non-Primary, Non-Secondary Syphilis","2023","United States","NA","35-39","Asian","Female","12","1.3","909,792"
"Early Non-Primary, Non-Secondary Syphilis","2023","United States","NA","30-34","Asian","Female","25","2.8","893,693"
"Early Non-Primary, Non-Secondary Syphilis","2023","United States","NA","25-29","Asian","Female","23","3.1","747,223"
"Early Non-Primary, Non-Secondary Syphilis","2023","United States","NA","20-24","Asian","Female","18","2.8","638,423"
"Early Non-Primary, Non-Secondary Syphilis","2023","United States","NA","15-19","Asian","Female","3","0.5","582,890"
"Early Non-Primary, Non-Secondary Syphilis","2023","United States","NA","40-44","American Indian/Alaska Native","Female","53","68.5","77,321"
"Early Non-Primary, Non-Secondary Syphilis","2023","United States","NA","35-39","American Indian/Alaska Native","Female","104","125.0","83,203"
"Early Non-Primary, Non-Secondary Syphilis","2023","United States","NA","30-34","American Indian/Alaska Native","Female","151","158.6","95,217"
"Early Non-Primary, Non-Secondary Syphilis","2023","United States","NA","25-29","American Indian/Alaska Native","Female","120","136.0","88,237"
"Early Non-Primary, Non-Secondary Syphilis","2023","United States","NA","20-24","American Indian/Alaska Native","Female","102","117.3","86,927"
"Early Non-Primary, Non-Secondary Syphilis","2023","United States","NA","15-19","American Indian/Alaska Native","Female","40","45.0","88,888"
"Primary and Secondary Syphilis","2023","United States","NA","40-44","Multiracial","Female","68","34.8","195,441"
"Primary and Secondary Syphilis","2023","United States","NA","35-39","Multiracial","Female","93","41.7","223,153"
"Primary and Secondary Syphilis","2023","United States","NA","30-34","Multiracial","Female","123","43.4","283,577"
"Primary and Secondary Syphilis","2023","United States","NA","25-29","Multiracial","Female","117","35.8","326,425"
"Primary and Secondary Syphilis","2023","United States","NA","20-24","Multiracial","Female","114","30.8","370,572"
"Primary and Secondary Syphilis","2023","United States","NA","15-19","Multiracial","Female","53","12.1","438,296"
"Primary and Secondary Syphilis","2023","United States","NA","40-44","Unknown","Female","73","Data not available","NA"
"Primary and Secondary Syphilis","2023","United States","NA","35-39","Unknown","Female","85","Data not available","NA"
"Primary and Secondary Syphilis","2023","United States","NA","30-34","Unknown","Female","99","Data not available","NA"
"Primary and Secondary Syphilis","2023","United States","NA","25-29","Unknown","Female","113","Data not available","NA"
"Primary and Secondary Syphilis","2023","United States","NA","20-24","Unknown","Female","114","Data not available","NA"
"Primary and Secondary Syphilis","2023","United States","NA","15-19","Unknown","Female","60","Data not available","NA"
"Primary and Secondary Syphilis","2023","United States","NA","40-44","White","Female","803","13.3","6,059,630"
"Primary and Secondary Syphilis","2023","United States","NA","35-39","White","Female","986","16.0","6,150,719"
"Primary and Secondary Syphilis","2023","United States","NA","30-34","White","Female","1,027","16.5","6,205,777"
"Primary and Secondary Syphilis","2023","United States","NA","25-29","White","Female","868","15.3","5,670,972"
"Primary and Secondary Syphilis","2023","United States","NA","20-24","White","Female","586","10.6","5,518,156"
"Primary and Secondary Syphilis","2023","United States","NA","15-19","White","Female","185","3.4","5,384,908"
"Primary and Secondary Syphilis","2023","United States","NA","40-44","Native Hawaiian/Other Pacific Islander","Female","10","41.4","24,128"
"Primary and Secondary Syphilis","2023","United States","NA","35-39","Native Hawaiian/Other Pacific Islander","Female","11","42.6","25,840"
"Primary and Secondary Syphilis","2023","United States","NA","30-34","Native Hawaiian/Other Pacific Islander","Female","10","38.3","26,130"
"Primary and Secondary Syphilis","2023","United States","NA","25-29","Native Hawaiian/Other Pacific Islander","Female","9","39.7","22,684"
"Primary and Secondary Syphilis","2023","United States","NA","20-24","Native Hawaiian/Other Pacific Islander","Female","9","41.6","21,655"
"Primary and Secondary Syphilis","2023","United States","NA","15-19","Native Hawaiian/Other Pacific Islander","Female","2","8.9","22,439"
"Primary and Secondary Syphilis","2023","United States","NA","40-44","Hispanic/Latino","Female","217","9.8","2,204,363"
"Primary and Secondary Syphilis","2023","United States","NA","35-39","Hispanic/Latino","Female","307","13.8","2,230,399"
"Primary and Secondary Syphilis","2023","United States","NA","30-34","Hispanic/Latino","Female","359","15.0","2,398,314"
"Primary and Secondary Syphilis","2023","United States","NA","25-29","Hispanic/Latino","Female","398","16.4","2,431,408"
"Primary and Secondary Syphilis","2023","United States","NA","20-24","Hispanic/Latino","Female","347","13.5","2,561,546"
"Primary and Secondary Syphilis","2023","United States","NA","15-19","Hispanic/Latino","Female","149","5.4","2,778,693"
"Primary and Secondary Syphilis","2023","United States","NA","40-44","Black/African American","Female","288","19.7","1,458,260"
"Primary and Secondary Syphilis","2023","United States","NA","35-39","Black/African American","Female","496","32.6","1,519,458"
"Primary and Secondary Syphilis","2023","United States","NA","30-34","Black/African American","Female","730","42.0","1,738,159"
"Primary and Secondary Syphilis","2023","United States","NA","25-29","Black/African American","Female","835","53.7","1,555,513"
"Primary and Secondary Syphilis","2023","United States","NA","20-24","Black/African American","Female","872","58.6","1,487,082"
"Primary and Secondary Syphilis","2023","United States","NA","15-19","Black/African American","Female","386","26.0","1,482,731"
"Primary and Secondary Syphilis","2023","United States","NA","40-44","Asian","Female","9","1.0","866,750"
"Primary and Secondary Syphilis","2023","United States","NA","35-39","Asian","Female","14","1.5","909,792"
"Primary and Secondary Syphilis","2023","United States","NA","30-34","Asian","Female","16","1.8","893,693"
"Primary and Secondary Syphilis","2023","United States","NA","25-29","Asian","Female","19","2.5","747,223"
"Primary and Secondary Syphilis","2023","United States","NA","20-24","Asian","Female","12","1.9","638,423"
"Primary and Secondary Syphilis","2023","United States","NA","15-19","Asian","Female","4","0.7","582,890"
"Primary and Secondary Syphilis","2023","United States","NA","40-44","American Indian/Alaska Native","Female","78","100.9","77,321"
"Primary and Secondary Syphilis","2023","United States","NA","35-39","American Indian/Alaska Native","Female","106","127.4","83,203"
"Primary and Secondary Syphilis","2023","United States","NA","30-34","American Indian/Alaska Native","Female","142","149.1","95,217"
"Primary and Secondary Syphilis","2023","United States","NA","25-29","American Indian/Alaska Native","Female","104","117.9","88,237"
"Primary and Secondary Syphilis","2023","United States","NA","20-24","American Indian/Alaska Native","Female","93","107.0","86,927"
"Primary and Secondary Syphilis","2023","United States","NA","15-19","American Indian/Alaska Native","Female","57","64.1","88,888"
"Early Non-Primary, Non-Secondary Syphilis","2022","United States","NA","40-44","Multiracial","Female","43","22.9","187,572"
"Early Non-Primary, Non-Secondary Syphilis","2022","United States","NA","35-39","Multiracial","Female","74","34.5","214,656"
"Early Non-Primary, Non-Secondary Syphilis","2022","United States","NA","30-34","Multiracial","Female","104","38.7","268,893"
"Early Non-Primary, Non-Secondary Syphilis","2022","United States","NA","25-29","Multiracial","Female","127","40.2","315,921"
"Early Non-Primary, Non-Secondary Syphilis","2022","United States","NA","20-24","Multiracial","Female","93","24.7","376,668"
"Early Non-Primary, Non-Secondary Syphilis","2022","United States","NA","15-19","Multiracial","Female","29","6.9","417,280"
"Early Non-Primary, Non-Secondary Syphilis","2022","United States","NA","40-44","Unknown","Female","67","Data not available","NA"
"Early Non-Primary, Non-Secondary Syphilis","2022","United States","NA","35-39","Unknown","Female","76","Data not available","NA"
"Early Non-Primary, Non-Secondary Syphilis","2022","United States","NA","30-34","Unknown","Female","117","Data not available","NA"
"Early Non-Primary, Non-Secondary Syphilis","2022","United States","NA","25-29","Unknown","Female","143","Data not available","NA"
"Early Non-Primary, Non-Secondary Syphilis","2022","United States","NA","20-24","Unknown","Female","116","Data not available","NA"
"Early Non-Primary, Non-Secondary Syphilis","2022","United States","NA","15-19","Unknown","Female","30","Data not available","NA"
"Early Non-Primary, Non-Secondary Syphilis","2022","United States","NA","40-44","White","Female","420","7.1","5,930,788"
"Early Non-Primary, Non-Secondary Syphilis","2022","United States","NA","35-39","White","Female","660","10.8","6,098,437"
"Early Non-Primary, Non-Secondary Syphilis","2022","United States","NA","30-34","White","Female","813","13.1","6,200,661"
"Early Non-Primary, Non-Secondary Syphilis","2022","United States","NA","25-29","White","Female","723","12.6","5,716,342"
"Early Non-Primary, Non-Secondary Syphilis","2022","United States","NA","20-24","White","Female","596","10.3","5,784,081"
"Early Non-Primary, Non-Secondary Syphilis","2022","United States","NA","15-19","White","Female","137","2.6","5,350,956"
"Early Non-Primary, Non-Secondary Syphilis","2022","United States","NA","40-44","Native Hawaiian/Other Pacific Islander","Female","5","21.9","22,810"
"Early Non-Primary, Non-Secondary Syphilis","2022","United States","NA","35-39","Native Hawaiian/Other Pacific Islander","Female","4","15.8","25,284"
"Early Non-Primary, Non-Secondary Syphilis","2022","United States","NA","30-34","Native Hawaiian/Other Pacific Islander","Female","9","34.7","25,937"
"Early Non-Primary, Non-Secondary Syphilis","2022","United States","NA","25-29","Native Hawaiian/Other Pacific Islander","Female","7","30.8","22,709"
"Early Non-Primary, Non-Secondary Syphilis","2022","United States","NA","20-24","Native Hawaiian/Other Pacific Islander","Female","14","64.2","21,801"
"Early Non-Primary, Non-Secondary Syphilis","2022","United States","NA","15-19","Native Hawaiian/Other Pacific Islander","Female","1","4.6","21,697"
"Early Non-Primary, Non-Secondary Syphilis","2022","United States","NA","40-44","Hispanic/Latino","Female","227","10.6","2,134,381"
"Early Non-Primary, Non-Secondary Syphilis","2022","United States","NA","35-39","Hispanic/Latino","Female","408","18.7","2,179,688"
"Early Non-Primary, Non-Secondary Syphilis","2022","United States","NA","30-34","Hispanic/Latino","Female","559","24.2","2,305,184"
"Early Non-Primary, Non-Secondary Syphilis","2022","United States","NA","25-29","Hispanic/Latino","Female","652","27.4","2,375,330"
"Early Non-Primary, Non-Secondary Syphilis","2022","United States","NA","20-24","Hispanic/Latino","Female","587","22.5","2,612,478"
"Early Non-Primary, Non-Secondary Syphilis","2022","United States","NA","15-19","Hispanic/Latino","Female","219","8.2","2,659,027"
"Early Non-Primary, Non-Secondary Syphilis","2022","United States","NA","40-44","Black/African American","Female","233","16.3","1,427,680"
"Early Non-Primary, Non-Secondary Syphilis","2022","United States","NA","35-39","Black/African American","Female","420","28.4","1,480,584"
"Early Non-Primary, Non-Secondary Syphilis","2022","United States","NA","30-34","Black/African American","Female","704","41.5","1,695,629"
"Early Non-Primary, Non-Secondary Syphilis","2022","United States","NA","25-29","Black/African American","Female","925","58.5","1,581,056"
"Early Non-Primary, Non-Secondary Syphilis","2022","United States","NA","20-24","Black/African American","Female","908","57.9","1,567,742"
"Early Non-Primary, Non-Secondary Syphilis","2022","United States","NA","15-19","Black/African American","Female","320","22.1","1,445,513"
"Early Non-Primary, Non-Secondary Syphilis","2022","United States","NA","40-44","Asian","Female","13","1.6","831,367"
"Early Non-Primary, Non-Secondary Syphilis","2022","United States","NA","35-39","Asian","Female","16","1.8","885,702"
"Early Non-Primary, Non-Secondary Syphilis","2022","United States","NA","30-34","Asian","Female","19","2.2","882,248"
"Early Non-Primary, Non-Secondary Syphilis","2022","United States","NA","25-29","Asian","Female","20","2.7","740,051"
"Early Non-Primary, Non-Secondary Syphilis","2022","United States","NA","20-24","Asian","Female","12","1.8","649,335"
"Early Non-Primary, Non-Secondary Syphilis","2022","United States","NA","15-19","Asian","Female","3","0.5","572,475"
"Early Non-Primary, Non-Secondary Syphilis","2022","United States","NA","40-44","American Indian/Alaska Native","Female","52","69.4","74,929"
"Early Non-Primary, Non-Secondary Syphilis","2022","United States","NA","35-39","American Indian/Alaska Native","Female","118","145.1","81,298"
"Early Non-Primary, Non-Secondary Syphilis","2022","United States","NA","30-34","American Indian/Alaska Native","Female","150","161.7","92,764"
"Early Non-Primary, Non-Secondary Syphilis","2022","United States","NA","25-29","American Indian/Alaska Native","Female","123","138.2","89,013"
"Early Non-Primary, Non-Secondary Syphilis","2022","United States","NA","20-24","American Indian/Alaska Native","Female","101","110.2","91,686"
"Early Non-Primary, Non-Secondary Syphilis","2022","United States","NA","15-19","American Indian/Alaska Native","Female","53","61.1","86,801"
"Primary and Secondary Syphilis","2022","United States","NA","40-44","Multiracial","Female","51","27.2","187,572"
"Primary and Secondary Syphilis","2022","United States","NA","35-39","Multiracial","Female","75","34.9","214,656"
"Primary and Secondary Syphilis","2022","United States","NA","30-34","Multiracial","Female","117","43.5","268,893"
"Primary and Secondary Syphilis","2022","United States","NA","25-29","Multiracial","Female","131","41.5","315,921"
"Primary and Secondary Syphilis","2022","United States","NA","20-24","Multiracial","Female","101","26.8","376,668"
"Primary and Secondary Syphilis","2022","United States","NA","15-19","Multiracial","Female","47","11.3","417,280"
"Primary and Secondary Syphilis","2022","United States","NA","40-44","Unknown","Female","119","Data not available","NA"
"Primary and Secondary Syphilis","2022","United States","NA","35-39","Unknown","Female","138","Data not available","NA"
"Primary and Secondary Syphilis","2022","United States","NA","30-34","Unknown","Female","147","Data not available","NA"
"Primary and Secondary Syphilis","2022","United States","NA","25-29","Unknown","Female","119","Data not available","NA"
"Primary and Secondary Syphilis","2022","United States","NA","20-24","Unknown","Female","129","Data not available","NA"
"Primary and Secondary Syphilis","2022","United States","NA","15-19","Unknown","Female","54","Data not available","NA"
"Primary and Secondary Syphilis","2022","United States","NA","40-44","White","Female","831","14.0","5,930,788"
"Primary and Secondary Syphilis","2022","United States","NA","35-39","White","Female","1,041","17.1","6,098,437"
"Primary and Secondary Syphilis","2022","United States","NA","30-34","White","Female","1,149","18.5","6,200,661"
"Primary and Secondary Syphilis","2022","United States","NA","25-29","White","Female","915","16.0","5,716,342"
"Primary and Secondary Syphilis","2022","United States","NA","20-24","White","Female","715","12.4","5,784,081"
"Primary and Secondary Syphilis","2022","United States","NA","15-19","White","Female","201","3.8","5,350,956"
"Primary and Secondary Syphilis","2022","United States","NA","40-44","Native Hawaiian/Other Pacific Islander","Female","7","30.7","22,810"
"Primary and Secondary Syphilis","2022","United States","NA","35-39","Native Hawaiian/Other Pacific Islander","Female","12","47.5","25,284"
"Primary and Secondary Syphilis","2022","United States","NA","30-34","Native Hawaiian/Other Pacific Islander","Female","7","27.0","25,937"
"Primary and Secondary Syphilis","2022","United States","NA","25-29","Native Hawaiian/Other Pacific Islander","Female","9","39.6","22,709"
"Primary and Secondary Syphilis","2022","United States","NA","20-24","Native Hawaiian/Other Pacific Islander","Female","12","55.0","21,801"
"Primary and Secondary Syphilis","2022","United States","NA","15-19","Native Hawaiian/Other Pacific Islander","Female","2","9.2","21,697"
"Primary and Secondary Syphilis","2022","United States","NA","40-44","Hispanic/Latino","Female","223","10.4","2,134,381"
"Primary and Secondary Syphilis","2022","United States","NA","35-39","Hispanic/Latino","Female","287","13.2","2,179,688"
"Primary and Secondary Syphilis","2022","United States","NA","30-34","Hispanic/Latino","Female","377","16.4","2,305,184"
"Primary and Secondary Syphilis","2022","United States","NA","25-29","Hispanic/Latino","Female","445","18.7","2,375,330"
"Primary and Secondary Syphilis","2022","United States","NA","20-24","Hispanic/Latino","Female","406","15.5","2,612,478"
"Primary and Secondary Syphilis","2022","United States","NA","15-19","Hispanic/Latino","Female","148","5.6","2,659,027"
"Primary and Secondary Syphilis","2022","United States","NA","40-44","Black/African American","Female","329","23.0","1,427,680"
"Primary and Secondary Syphilis","2022","United States","NA","35-39","Black/African American","Female","498","33.6","1,480,584"
"Primary and Secondary Syphilis","2022","United States","NA","30-34","Black/African American","Female","787","46.4","1,695,629"
"Primary and Secondary Syphilis","2022","United States","NA","25-29","Black/African American","Female","860","54.4","1,581,056"
"Primary and Secondary Syphilis","2022","United States","NA","20-24","Black/African American","Female","936","59.7","1,567,742"
"Primary and Secondary Syphilis","2022","United States","NA","15-19","Black/African American","Female","390","27.0","1,445,513"
"Primary and Secondary Syphilis","2022","United States","NA","40-44","Asian","Female","12","1.4","831,367"
"Primary and Secondary Syphilis","2022","United States","NA","35-39","Asian","Female","20","2.3","885,702"
"Primary and Secondary Syphilis","2022","United States","NA","30-34","Asian","Female","25","2.8","882,248"
"Primary and Secondary Syphilis","2022","United States","NA","25-29","Asian","Female","15","2.0","740,051"
"Primary and Secondary Syphilis","2022","United States","NA","20-24","Asian","Female","18","2.8","649,335"
"Primary and Secondary Syphilis","2022","United States","NA","15-19","Asian","Female","4","0.7","572,475"
"Primary and Secondary Syphilis","2022","United States","NA","40-44","American Indian/Alaska Native","Female","80","106.8","74,929"
"Primary and Secondary Syphilis","2022","United States","NA","35-39","American Indian/Alaska Native","Female","146","179.6","81,298"
"Primary and Secondary Syphilis","2022","United States","NA","30-34","American Indian/Alaska Native","Female","153","164.9","92,764"
"Primary and Secondary Syphilis","2022","United States","NA","25-29","American Indian/Alaska Native","Female","118","132.6","89,013"
"Primary and Secondary Syphilis","2022","United States","NA","20-24","American Indian/Alaska Native","Female","98","106.9","91,686"
"Primary and Secondary Syphilis","2022","United States","NA","15-19","American Indian/Alaska Native","Female","47","54.1","86,801"
"Early Non-Primary, Non-Secondary Syphilis","2021","United States","NA","40-44","Multiracial","Female","32","17.7","181,232"
"Early Non-Primary, Non-Secondary Syphilis","2021","United States","NA","35-39","Multiracial","Female","50","23.8","209,739"
"Early Non-Primary, Non-Secondary Syphilis","2021","United States","NA","30-34","Multiracial","Female","83","32.3","256,713"
"Early Non-Primary, Non-Secondary Syphilis","2021","United States","NA","25-29","Multiracial","Female","87","28.1","309,276"
"Early Non-Primary, Non-Secondary Syphilis","2021","United States","NA","20-24","Multiracial","Female","84","23.9","351,310"
"Early Non-Primary, Non-Secondary Syphilis","2021","United States","NA","15-19","Multiracial","Female","22","5.4","404,169"
"Early Non-Primary, Non-Secondary Syphilis","2021","United States","NA","40-44","Unknown","Female","61","Data not available","NA"
"Early Non-Primary, Non-Secondary Syphilis","2021","United States","NA","35-39","Unknown","Female","82","Data not available","NA"
"Early Non-Primary, Non-Secondary Syphilis","2021","United States","NA","30-34","Unknown","Female","109","Data not available","NA"
"Early Non-Primary, Non-Secondary Syphilis","2021","United States","NA","25-29","Unknown","Female","134","Data not available","NA"
"Early Non-Primary, Non-Secondary Syphilis","2021","United States","NA","20-24","Unknown","Female","137","Data not available","NA"
"Early Non-Primary, Non-Secondary Syphilis","2021","United States","NA","15-19","Unknown","Female","44","Data not available","NA"
"Early Non-Primary, Non-Secondary Syphilis","2021","United States","NA","40-44","White","Female","330","5.6","5,897,471"
"Early Non-Primary, Non-Secondary Syphilis","2021","United States","NA","35-39","White","Female","484","7.8","6,176,169"
"Early Non-Primary, Non-Secondary Syphilis","2021","United States","NA","30-34","White","Female","654","10.4","6,263,828"
"Early Non-Primary, Non-Secondary Syphilis","2021","United States","NA","25-29","White","Female","677","11.6","5,854,957"
"Early Non-Primary, Non-Secondary Syphilis","2021","United States","NA","20-24","White","Female","502","9.0","5,559,432"
"Early Non-Primary, Non-Secondary Syphilis","2021","United States","NA","15-19","White","Female","146","2.7","5,408,191"
"Early Non-Primary, Non-Secondary Syphilis","2021","United States","NA","40-44","Native Hawaiian/Other Pacific Islander","Female","2","9.1","22,065"
"Early Non-Primary, Non-Secondary Syphilis","2021","United States","NA","35-39","Native Hawaiian/Other Pacific Islander","Female","5","19.8","25,200"
"Early Non-Primary, Non-Secondary Syphilis","2021","United States","NA","30-34","Native Hawaiian/Other Pacific Islander","Female","10","38.5","25,983"
"Early Non-Primary, Non-Secondary Syphilis","2021","United States","NA","25-29","Native Hawaiian/Other Pacific Islander","Female","10","43.1","23,211"
"Early Non-Primary, Non-Secondary Syphilis","2021","United States","NA","20-24","Native Hawaiian/Other Pacific Islander","Female","4","19.4","20,601"
"Early Non-Primary, Non-Secondary Syphilis","2021","United States","NA","15-19","Native Hawaiian/Other Pacific Islander","Female","3","14.2","21,194"
"Early Non-Primary, Non-Secondary Syphilis","2021","United States","NA","40-44","Hispanic/Latino","Female","190","9.0","2,113,235"
"Early Non-Primary, Non-Secondary Syphilis","2021","United States","NA","35-39","Hispanic/Latino","Female","307","14.0","2,192,272"
"Early Non-Primary, Non-Secondary Syphilis","2021","United States","NA","30-34","Hispanic/Latino","Female","443","19.6","2,260,901"
"Early Non-Primary, Non-Secondary Syphilis","2021","United States","NA","25-29","Hispanic/Latino","Female","553","23.3","2,372,231"
"Early Non-Primary, Non-Secondary Syphilis","2021","United States","NA","20-24","Hispanic/Latino","Female","488","20.1","2,428,365"
"Early Non-Primary, Non-Secondary Syphilis","2021","United States","NA","15-19","Hispanic/Latino","Female","184","7.0","2,613,433"
"Early Non-Primary, Non-Secondary Syphilis","2021","United States","NA","40-44","Black/African American","Female","234","16.5","1,415,974"
"Early Non-Primary, Non-Secondary Syphilis","2021","United States","NA","35-39","Black/African American","Female","347","23.5","1,476,602"
"Early Non-Primary, Non-Secondary Syphilis","2021","United States","NA","30-34","Black/African American","Female","633","38.1","1,659,711"
"Early Non-Primary, Non-Secondary Syphilis","2021","United States","NA","25-29","Black/African American","Female","814","50.0","1,627,392"
"Early Non-Primary, Non-Secondary Syphilis","2021","United States","NA","20-24","Black/African American","Female","840","56.1","1,496,428"
"Early Non-Primary, Non-Secondary Syphilis","2021","United States","NA","15-19","Black/African American","Female","310","21.5","1,442,396"
"Early Non-Primary, Non-Secondary Syphilis","2021","United States","NA","40-44","Asian","Female","6","0.7","804,879"
"Early Non-Primary, Non-Secondary Syphilis","2021","United States","NA","35-39","Asian","Female","18","2.1","873,370"
"Early Non-Primary, Non-Secondary Syphilis","2021","United States","NA","30-34","Asian","Female","17","2.0","868,859"
"Early Non-Primary, Non-Secondary Syphilis","2021","United States","NA","25-29","Asian","Female","14","1.9","732,977"
"Early Non-Primary, Non-Secondary Syphilis","2021","United States","NA","20-24","Asian","Female","13","2.1","605,414"
"Early Non-Primary, Non-Secondary Syphilis","2021","United States","NA","15-19","Asian","Female","1","0.2","563,597"
"Early Non-Primary, Non-Secondary Syphilis","2021","United States","NA","40-44","American Indian/Alaska Native","Female","27","35.6","75,900"
"Early Non-Primary, Non-Secondary Syphilis","2021","United States","NA","35-39","American Indian/Alaska Native","Female","60","73.1","82,133"
"Early Non-Primary, Non-Secondary Syphilis","2021","United States","NA","30-34","American Indian/Alaska Native","Female","120","130.0","92,329"
"Early Non-Primary, Non-Secondary Syphilis","2021","United States","NA","25-29","American Indian/Alaska Native","Female","89","95.3","93,375"
"Early Non-Primary, Non-Secondary Syphilis","2021","United States","NA","20-24","American Indian/Alaska Native","Female","74","83.0","89,209"
"Early Non-Primary, Non-Secondary Syphilis","2021","United States","NA","15-19","American Indian/Alaska Native","Female","22","24.8","88,710"
"Primary and Secondary Syphilis","2021","United States","NA","40-44","Multiracial","Female","44","24.3","181,232"
"Primary and Secondary Syphilis","2021","United States","NA","35-39","Multiracial","Female","49","23.4","209,739"
"Primary and Secondary Syphilis","2021","United States","NA","30-34","Multiracial","Female","63","24.5","256,713"
"Primary and Secondary Syphilis","2021","United States","NA","25-29","Multiracial","Female","83","26.8","309,276"
"Primary and Secondary Syphilis","2021","United States","NA","20-24","Multiracial","Female","75","21.3","351,310"
"Primary and Secondary Syphilis","2021","United States","NA","15-19","Multiracial","Female","29","7.2","404,169"
"Primary and Secondary Syphilis","2021","United States","NA","40-44","Unknown","Female","98","Data not available","NA"
"Primary and Secondary Syphilis","2021","United States","NA","35-39","Unknown","Female","119","Data not available","NA"
"Primary and Secondary Syphilis","2021","United States","NA","30-34","Unknown","Female","134","Data not available","NA"
"Primary and Secondary Syphilis","2021","United States","NA","25-29","Unknown","Female","152","Data not available","NA"
"Primary and Secondary Syphilis","2021","United States","NA","20-24","Unknown","Female","120","Data not available","NA"
"Primary and Secondary Syphilis","2021","United States","NA","15-19","Unknown","Female","55","Data not available","NA"
"Primary and Secondary Syphilis","2021","United States","NA","40-44","White","Female","594","10.1","5,897,471"
"Primary and Secondary Syphilis","2021","United States","NA","35-39","White","Female","887","14.4","6,176,169"
"Primary and Secondary Syphilis","2021","United States","NA","30-34","White","Female","899","14.4","6,263,828"
"Primary and Secondary Syphilis","2021","United States","NA","25-29","White","Female","853","14.6","5,854,957"
"Primary and Secondary Syphilis","2021","United States","NA","20-24","White","Female","597","10.7","5,559,432"
"Primary and Secondary Syphilis","2021","United States","NA","15-19","White","Female","181","3.3","5,408,191"
"Primary and Secondary Syphilis","2021","United States","NA","40-44","Native Hawaiian/Other Pacific Islander","Female","14","63.4","22,065"
"Primary and Secondary Syphilis","2021","United States","NA","35-39","Native Hawaiian/Other Pacific Islander","Female","4","15.9","25,200"
"Primary and Secondary Syphilis","2021","United States","NA","30-34","Native Hawaiian/Other Pacific Islander","Female","10","38.5","25,983"
"Primary and Secondary Syphilis","2021","United States","NA","25-29","Native Hawaiian/Other Pacific Islander","Female","15","64.6","23,211"
"Primary and Secondary Syphilis","2021","United States","NA","20-24","Native Hawaiian/Other Pacific Islander","Female","9","43.7","20,601"
"Primary and Secondary Syphilis","2021","United States","NA","15-19","Native Hawaiian/Other Pacific Islander","Female","3","14.2","21,194"
"Primary and Secondary Syphilis","2021","United States","NA","40-44","Hispanic/Latino","Female","204","9.7","2,113,235"
"Primary and Secondary Syphilis","2021","United States","NA","35-39","Hispanic/Latino","Female","273","12.5","2,192,272"
"Primary and Secondary Syphilis","2021","United States","NA","30-34","Hispanic/Latino","Female","336","14.9","2,260,901"
"Primary and Secondary Syphilis","2021","United States","NA","25-29","Hispanic/Latino","Female","405","17.1","2,372,231"
"Primary and Secondary Syphilis","2021","United States","NA","20-24","Hispanic/Latino","Female","327","13.5","2,428,365"
"Primary and Secondary Syphilis","2021","United States","NA","15-19","Hispanic/Latino","Female","120","4.6","2,613,433"
"Primary and Secondary Syphilis","2021","United States","NA","40-44","Black/African American","Female","260","18.4","1,415,974"
"Primary and Secondary Syphilis","2021","United States","NA","35-39","Black/African American","Female","392","26.5","1,476,602"
"Primary and Secondary Syphilis","2021","United States","NA","30-34","Black/African American","Female","614","37.0","1,659,711"
"Primary and Secondary Syphilis","2021","United States","NA","25-29","Black/African American","Female","838","51.5","1,627,392"
"Primary and Secondary Syphilis","2021","United States","NA","20-24","Black/African American","Female","846","56.5","1,496,428"
"Primary and Secondary Syphilis","2021","United States","NA","15-19","Black/African American","Female","371","25.7","1,442,396"
"Primary and Secondary Syphilis","2021","United States","NA","40-44","Asian","Female","14","1.7","804,879"
"Primary and Secondary Syphilis","2021","United States","NA","35-39","Asian","Female","21","2.4","873,370"
"Primary and Secondary Syphilis","2021","United States","NA","30-34","Asian","Female","14","1.6","868,859"
"Primary and Secondary Syphilis","2021","United States","NA","25-29","Asian","Female","12","1.6","732,977"
"Primary and Secondary Syphilis","2021","United States","NA","20-24","Asian","Female","13","2.1","605,414"
"Primary and Secondary Syphilis","2021","United States","NA","15-19","Asian","Female","4","0.7","563,597"
"Primary and Secondary Syphilis","2021","United States","NA","40-44","American Indian/Alaska Native","Female","51","67.2","75,900"
"Primary and Secondary Syphilis","2021","United States","NA","35-39","American Indian/Alaska Native","Female","96","116.9","82,133"
"Primary and Secondary Syphilis","2021","United States","NA","30-34","American Indian/Alaska Native","Female","86","93.1","92,329"
"Primary and Secondary Syphilis","2021","United States","NA","25-29","American Indian/Alaska Native","Female","98","105.0","93,375"
"Primary and Secondary Syphilis","2021","United States","NA","20-24","American Indian/Alaska Native","Female","70","78.5","89,209"
"Primary and Secondary Syphilis","2021","United States","NA","15-19","American Indian/Alaska Native","Female","27","30.4","88,710"
"Early Non-Primary, Non-Secondary Syphilis","2020 (COVID-19 Pandemic)","United States","NA","40-44","Multiracial","Female","12","7.0","171,576"
"Early Non-Primary, Non-Secondary Syphilis","2020 (COVID-19 Pandemic)","United States","NA","35-39","Multiracial","Female","23","11.3","204,069"
"Early Non-Primary, Non-Secondary Syphilis","2020 (COVID-19 Pandemic)","United States","NA","30-34","Multiracial","Female","29","12.1","240,461"
"Early Non-Primary, Non-Secondary Syphilis","2020 (COVID-19 Pandemic)","United States","NA","25-29","Multiracial","Female","41","13.7","300,295"
"Early Non-Primary, Non-Secondary Syphilis","2020 (COVID-19 Pandemic)","United States","NA","20-24","Multiracial","Female","42","12.4","339,216"
"Early Non-Primary, Non-Secondary Syphilis","2020 (COVID-19 Pandemic)","United States","NA","15-19","Multiracial","Female","18","4.6","388,366"
"Early Non-Primary, Non-Secondary Syphilis","2020 (COVID-19 Pandemic)","United States","NA","40-44","Unknown","Female","51","Data not available","NA"
"Early Non-Primary, Non-Secondary Syphilis","2020 (COVID-19 Pandemic)","United States","NA","35-39","Unknown","Female","62","Data not available","NA"
"Early Non-Primary, Non-Secondary Syphilis","2020 (COVID-19 Pandemic)","United States","NA","30-34","Unknown","Female","82","Data not available","NA"
"Early Non-Primary, Non-Secondary Syphilis","2020 (COVID-19 Pandemic)","United States","NA","25-29","Unknown","Female","84","Data not available","NA"
"Early Non-Primary, Non-Secondary Syphilis","2020 (COVID-19 Pandemic)","United States","NA","20-24","Unknown","Female","75","Data not available","NA"
"Early Non-Primary, Non-Secondary Syphilis","2020 (COVID-19 Pandemic)","United States","NA","15-19","Unknown","Female","35","Data not available","NA"
"Early Non-Primary, Non-Secondary Syphilis","2020 (COVID-19 Pandemic)","United States","NA","40-44","White","Female","189","3.3","5,746,848"
"Early Non-Primary, Non-Secondary Syphilis","2020 (COVID-19 Pandemic)","United States","NA","35-39","White","Female","345","5.6","6,164,157"
"Early Non-Primary, Non-Secondary Syphilis","2020 (COVID-19 Pandemic)","United States","NA","30-34","White","Female","427","6.8","6,236,095"
"Early Non-Primary, Non-Secondary Syphilis","2020 (COVID-19 Pandemic)","United States","NA","25-29","White","Female","505","8.4","6,028,025"
"Early Non-Primary, Non-Secondary Syphilis","2020 (COVID-19 Pandemic)","United States","NA","20-24","White","Female","386","6.9","5,583,455"
"Early Non-Primary, Non-Secondary Syphilis","2020 (COVID-19 Pandemic)","United States","NA","15-19","White","Female","101","1.8","5,459,582"
"Early Non-Primary, Non-Secondary Syphilis","2020 (COVID-19 Pandemic)","United States","NA","40-44","Native Hawaiian/Other Pacific Islander","Female","0","0.0","21,110"
"Early Non-Primary, Non-Secondary Syphilis","2020 (COVID-19 Pandemic)","United States","NA","35-39","Native Hawaiian/Other Pacific Islander","Female","4","16.4","24,375"
"Early Non-Primary, Non-Secondary Syphilis","2020 (COVID-19 Pandemic)","United States","NA","30-34","Native Hawaiian/Other Pacific Islander","Female","7","27.0","25,940"
"Early Non-Primary, Non-Secondary Syphilis","2020 (COVID-19 Pandemic)","United States","NA","25-29","Native Hawaiian/Other Pacific Islander","Female","6","24.8","24,198"
"Early Non-Primary, Non-Secondary Syphilis","2020 (COVID-19 Pandemic)","United States","NA","20-24","Native Hawaiian/Other Pacific Islander","Female","9","43.5","20,704"
"Early Non-Primary, Non-Secondary Syphilis","2020 (COVID-19 Pandemic)","United States","NA","15-19","Native Hawaiian/Other Pacific Islander","Female","6","28.8","20,828"
"Early Non-Primary, Non-Secondary Syphilis","2020 (COVID-19 Pandemic)","United States","NA","40-44","Hispanic/Latino","Female","119","5.7","2,073,468"
"Early Non-Primary, Non-Secondary Syphilis","2020 (COVID-19 Pandemic)","United States","NA","35-39","Hispanic/Latino","Female","208","9.5","2,191,197"
"Early Non-Primary, Non-Secondary Syphilis","2020 (COVID-19 Pandemic)","United States","NA","30-34","Hispanic/Latino","Female","316","14.3","2,216,478"
"Early Non-Primary, Non-Secondary Syphilis","2020 (COVID-19 Pandemic)","United States","NA","25-29","Hispanic/Latino","Female","374","15.8","2,368,841"
"Early Non-Primary, Non-Secondary Syphilis","2020 (COVID-19 Pandemic)","United States","NA","20-24","Hispanic/Latino","Female","352","14.8","2,377,847"
"Early Non-Primary, Non-Secondary Syphilis","2020 (COVID-19 Pandemic)","United States","NA","15-19","Hispanic/Latino","Female","121","4.7","2,558,360"
"Early Non-Primary, Non-Secondary Syphilis","2020 (COVID-19 Pandemic)","United States","NA","40-44","Black/African American","Female","163","11.8","1,378,798"
"Early Non-Primary, Non-Secondary Syphilis","2020 (COVID-19 Pandemic)","United States","NA","35-39","Black/African American","Female","283","19.3","1,468,326"
"Early Non-Primary, Non-Secondary Syphilis","2020 (COVID-19 Pandemic)","United States","NA","30-34","Black/African American","Female","460","28.8","1,596,524"
"Early Non-Primary, Non-Secondary Syphilis","2020 (COVID-19 Pandemic)","United States","NA","25-29","Black/African American","Female","679","40.2","1,689,406"
"Early Non-Primary, Non-Secondary Syphilis","2020 (COVID-19 Pandemic)","United States","NA","20-24","Black/African American","Female","736","49.2","1,496,129"
"Early Non-Primary, Non-Secondary Syphilis","2020 (COVID-19 Pandemic)","United States","NA","15-19","Black/African American","Female","322","22.2","1,449,977"
"Early Non-Primary, Non-Secondary Syphilis","2020 (COVID-19 Pandemic)","United States","NA","40-44","Asian","Female","9","1.1","788,463"
"Early Non-Primary, Non-Secondary Syphilis","2020 (COVID-19 Pandemic)","United States","NA","35-39","Asian","Female","10","1.2","863,401"
"Early Non-Primary, Non-Secondary Syphilis","2020 (COVID-19 Pandemic)","United States","NA","30-34","Asian","Female","15","1.7","869,281"
"Early Non-Primary, Non-Secondary Syphilis","2020 (COVID-19 Pandemic)","United States","NA","25-29","Asian","Female","16","2.1","765,717"
"Early Non-Primary, Non-Secondary Syphilis","2020 (COVID-19 Pandemic)","United States","NA","20-24","Asian","Female","11","1.8","615,176"
"Early Non-Primary, Non-Secondary Syphilis","2020 (COVID-19 Pandemic)","United States","NA","15-19","Asian","Female","6","1.1","570,446"
"Early Non-Primary, Non-Secondary Syphilis","2020 (COVID-19 Pandemic)","United States","NA","40-44","American Indian/Alaska Native","Female","15","20.4","73,640"
"Early Non-Primary, Non-Secondary Syphilis","2020 (COVID-19 Pandemic)","United States","NA","35-39","American Indian/Alaska Native","Female","39","47.9","81,340"
"Early Non-Primary, Non-Secondary Syphilis","2020 (COVID-19 Pandemic)","United States","NA","30-34","American Indian/Alaska Native","Female","57","64.0","89,074"
"Early Non-Primary, Non-Secondary Syphilis","2020 (COVID-19 Pandemic)","United States","NA","25-29","American Indian/Alaska Native","Female","61","63.5","96,079"
"Early Non-Primary, Non-Secondary Syphilis","2020 (COVID-19 Pandemic)","United States","NA","20-24","American Indian/Alaska Native","Female","47","52.9","88,876"
"Early Non-Primary, Non-Secondary Syphilis","2020 (COVID-19 Pandemic)","United States","NA","15-19","American Indian/Alaska Native","Female","16","18.1","88,316"
"Primary and Secondary Syphilis","2020 (COVID-19 Pandemic)","United States","NA","40-44","Multiracial","Female","16","9.3","171,576"
"Primary and Secondary Syphilis","2020 (COVID-19 Pandemic)","United States","NA","35-39","Multiracial","Female","20","9.8","204,069"
"Primary and Secondary Syphilis","2020 (COVID-19 Pandemic)","United States","NA","30-34","Multiracial","Female","37","15.4","240,461"
"Primary and Secondary Syphilis","2020 (COVID-19 Pandemic)","United States","NA","25-29","Multiracial","Female","34","11.3","300,295"
"Primary and Secondary Syphilis","2020 (COVID-19 Pandemic)","United States","NA","20-24","Multiracial","Female","40","11.8","339,216"
"Primary and Secondary Syphilis","2020 (COVID-19 Pandemic)","United States","NA","15-19","Multiracial","Female","7","1.8","388,366"
"Primary and Secondary Syphilis","2020 (COVID-19 Pandemic)","United States","NA","40-44","Unknown","Female","58","Data not available","NA"
"Primary and Secondary Syphilis","2020 (COVID-19 Pandemic)","United States","NA","35-39","Unknown","Female","69","Data not available","NA"
"Primary and Secondary Syphilis","2020 (COVID-19 Pandemic)","United States","NA","30-34","Unknown","Female","85","Data not available","NA"
"Primary and Secondary Syphilis","2020 (COVID-19 Pandemic)","United States","NA","25-29","Unknown","Female","108","Data not available","NA"
"Primary and Secondary Syphilis","2020 (COVID-19 Pandemic)","United States","NA","20-24","Unknown","Female","86","Data not available","NA"
"Primary and Secondary Syphilis","2020 (COVID-19 Pandemic)","United States","NA","15-19","Unknown","Female","41","Data not available","NA"
"Primary and Secondary Syphilis","2020 (COVID-19 Pandemic)","United States","NA","40-44","White","Female","341","5.9","5,746,848"
"Primary and Secondary Syphilis","2020 (COVID-19 Pandemic)","United States","NA","35-39","White","Female","477","7.7","6,164,157"
"Primary and Secondary Syphilis","2020 (COVID-19 Pandemic)","United States","NA","30-34","White","Female","587","9.4","6,236,095"
"Primary and Secondary Syphilis","2020 (COVID-19 Pandemic)","United States","NA","25-29","White","Female","568","9.4","6,028,025"
"Primary and Secondary Syphilis","2020 (COVID-19 Pandemic)","United States","NA","20-24","White","Female","426","7.6","5,583,455"
"Primary and Secondary Syphilis","2020 (COVID-19 Pandemic)","United States","NA","15-19","White","Female","132","2.4","5,459,582"
"Primary and Secondary Syphilis","2020 (COVID-19 Pandemic)","United States","NA","40-44","Native Hawaiian/Other Pacific Islander","Female","3","14.2","21,110"
"Primary and Secondary Syphilis","2020 (COVID-19 Pandemic)","United States","NA","35-39","Native Hawaiian/Other Pacific Islander","Female","10","41.0","24,375"
"Primary and Secondary Syphilis","2020 (COVID-19 Pandemic)","United States","NA","30-34","Native Hawaiian/Other Pacific Islander","Female","5","19.3","25,940"
"Primary and Secondary Syphilis","2020 (COVID-19 Pandemic)","United States","NA","25-29","Native Hawaiian/Other Pacific Islander","Female","6","24.8","24,198"
"Primary and Secondary Syphilis","2020 (COVID-19 Pandemic)","United States","NA","20-24","Native Hawaiian/Other Pacific Islander","Female","9","43.5","20,704"
"Primary and Secondary Syphilis","2020 (COVID-19 Pandemic)","United States","NA","15-19","Native Hawaiian/Other Pacific Islander","Female","6","28.8","20,828"
"Primary and Secondary Syphilis","2020 (COVID-19 Pandemic)","United States","NA","40-44","Hispanic/Latino","Female","116","5.6","2,073,468"
"Primary and Secondary Syphilis","2020 (COVID-19 Pandemic)","United States","NA","35-39","Hispanic/Latino","Female","126","5.8","2,191,197"
"Primary and Secondary Syphilis","2020 (COVID-19 Pandemic)","United States","NA","30-34","Hispanic/Latino","Female","234","10.6","2,216,478"
"Primary and Secondary Syphilis","2020 (COVID-19 Pandemic)","United States","NA","25-29","Hispanic/Latino","Female","233","9.8","2,368,841"
"Primary and Secondary Syphilis","2020 (COVID-19 Pandemic)","United States","NA","20-24","Hispanic/Latino","Female","258","10.9","2,377,847"
"Primary and Secondary Syphilis","2020 (COVID-19 Pandemic)","United States","NA","15-19","Hispanic/Latino","Female","116","4.5","2,558,360"
"Primary and Secondary Syphilis","2020 (COVID-19 Pandemic)","United States","NA","40-44","Black/African American","Female","165","12.0","1,378,798"
"Primary and Secondary Syphilis","2020 (COVID-19 Pandemic)","United States","NA","35-39","Black/African American","Female","232","15.8","1,468,326"
"Primary and Secondary Syphilis","2020 (COVID-19 Pandemic)","United States","NA","30-34","Black/African American","Female","426","26.7","1,596,524"
"Primary and Secondary Syphilis","2020 (COVID-19 Pandemic)","United States","NA","25-29","Black/African American","Female","626","37.1","1,689,406"
"Primary and Secondary Syphilis","2020 (COVID-19 Pandemic)","United States","NA","20-24","Black/African American","Female","644","43.0","1,496,129"
"Primary and Secondary Syphilis","2020 (COVID-19 Pandemic)","United States","NA","15-19","Black/African American","Female","288","19.9","1,449,977"
"Primary and Secondary Syphilis","2020 (COVID-19 Pandemic)","United States","NA","40-44","Asian","Female","7","0.9","788,463"
"Primary and Secondary Syphilis","2020 (COVID-19 Pandemic)","United States","NA","35-39","Asian","Female","8","0.9","863,401"
"Primary and Secondary Syphilis","2020 (COVID-19 Pandemic)","United States","NA","30-34","Asian","Female","9","1.0","869,281"
"Primary and Secondary Syphilis","2020 (COVID-19 Pandemic)","United States","NA","25-29","Asian","Female","15","2.0","765,717"
"Primary and Secondary Syphilis","2020 (COVID-19 Pandemic)","United States","NA","20-24","Asian","Female","10","1.6","615,176"
"Primary and Secondary Syphilis","2020 (COVID-19 Pandemic)","United States","NA","15-19","Asian","Female","3","0.5","570,446"
"Primary and Secondary Syphilis","2020 (COVID-19 Pandemic)","United States","NA","40-44","American Indian/Alaska Native","Female","21","28.5","73,640"
"Primary and Secondary Syphilis","2020 (COVID-19 Pandemic)","United States","NA","35-39","American Indian/Alaska Native","Female","41","50.4","81,340"
"Primary and Secondary Syphilis","2020 (COVID-19 Pandemic)","United States","NA","30-34","American Indian/Alaska Native","Female","56","62.9","89,074"
"Primary and Secondary Syphilis","2020 (COVID-19 Pandemic)","United States","NA","25-29","American Indian/Alaska Native","Female","61","63.5","96,079"
"Primary and Secondary Syphilis","2020 (COVID-19 Pandemic)","United States","NA","20-24","American Indian/Alaska Native","Female","39","43.9","88,876"
"Primary and Secondary Syphilis","2020 (COVID-19 Pandemic)","United States","NA","15-19","American Indian/Alaska Native","Female","19","21.5","88,316"
"Early Non-Primary, Non-Secondary Syphilis","2019","United States","NA","40-44","Multiracial","Female","8","4.9","163,487"
"Early Non-Primary, Non-Secondary Syphilis","2019","United States","NA","35-39","Multiracial","Female","14","7.0","199,137"
"Early Non-Primary, Non-Secondary Syphilis","2019","United States","NA","30-34","Multiracial","Female","25","10.9","230,054"
"Early Non-Primary, Non-Secondary Syphilis","2019","United States","NA","25-29","Multiracial","Female","34","11.6","294,198"
"Early Non-Primary, Non-Secondary Syphilis","2019","United States","NA","20-24","Multiracial","Female","30","9.0","331,702"
"Early Non-Primary, Non-Secondary Syphilis","2019","United States","NA","15-19","Multiracial","Female","12","3.2","372,732"
"Early Non-Primary, Non-Secondary Syphilis","2019","United States","NA","40-44","Unknown","Female","29","Data not available","NA"
"Early Non-Primary, Non-Secondary Syphilis","2019","United States","NA","35-39","Unknown","Female","38","Data not available","NA"
"Early Non-Primary, Non-Secondary Syphilis","2019","United States","NA","30-34","Unknown","Female","63","Data not available","NA"
"Early Non-Primary, Non-Secondary Syphilis","2019","United States","NA","25-29","Unknown","Female","65","Data not available","NA"
"Early Non-Primary, Non-Secondary Syphilis","2019","United States","NA","20-24","Unknown","Female","74","Data not available","NA"
"Early Non-Primary, Non-Secondary Syphilis","2019","United States","NA","15-19","Unknown","Female","36","Data not available","NA"
"Early Non-Primary, Non-Secondary Syphilis","2019","United States","NA","40-44","White","Female","171","3.0","5,619,312"
"Early Non-Primary, Non-Secondary Syphilis","2019","United States","NA","35-39","White","Female","308","5.1","6,085,206"
"Early Non-Primary, Non-Secondary Syphilis","2019","United States","NA","30-34","White","Female","413","6.7","6,162,490"
"Early Non-Primary, Non-Secondary Syphilis","2019","United States","NA","25-29","White","Female","467","7.5","6,188,431"
"Early Non-Primary, Non-Secondary Syphilis","2019","United States","NA","20-24","White","Female","382","6.8","5,633,574"
"Early Non-Primary, Non-Secondary Syphilis","2019","United States","NA","15-19","White","Female","95","1.8","5,374,563"
"Early Non-Primary, Non-Secondary Syphilis","2019","United States","NA","40-44","Native Hawaiian/Other Pacific Islander","Female","1","5.0","20,034"
"Early Non-Primary, Non-Secondary Syphilis","2019","United States","NA","35-39","Native Hawaiian/Other Pacific Islander","Female","3","12.5","24,058"
"Early Non-Primary, Non-Secondary Syphilis","2019","United States","NA","30-34","Native Hawaiian/Other Pacific Islander","Female","3","11.9","25,258"
"Early Non-Primary, Non-Secondary Syphilis","2019","United States","NA","25-29","Native Hawaiian/Other Pacific Islander","Female","5","20.2","24,749"
"Early Non-Primary, Non-Secondary Syphilis","2019","United States","NA","20-24","Native Hawaiian/Other Pacific Islander","Female","5","23.9","20,913"
"Early Non-Primary, Non-Secondary Syphilis","2019","United States","NA","15-19","Native Hawaiian/Other Pacific Islander","Female","1","4.9","20,244"
"Early Non-Primary, Non-Secondary Syphilis","2019","United States","NA","40-44","Hispanic/Latino","Female","121","6.0","2,027,845"
"Early Non-Primary, Non-Secondary Syphilis","2019","United States","NA","35-39","Hispanic/Latino","Female","175","8.1","2,167,700"
"Early Non-Primary, Non-Secondary Syphilis","2019","United States","NA","30-34","Hispanic/Latino","Female","296","13.6","2,172,650"
"Early Non-Primary, Non-Secondary Syphilis","2019","United States","NA","25-29","Hispanic/Latino","Female","371","15.6","2,374,415"
"Early Non-Primary, Non-Secondary Syphilis","2019","United States","NA","20-24","Hispanic/Latino","Female","367","15.6","2,359,028"
"Early Non-Primary, Non-Secondary Syphilis","2019","United States","NA","15-19","Hispanic/Latino","Female","132","5.3","2,471,758"
"Early Non-Primary, Non-Secondary Syphilis","2019","United States","NA","40-44","Black/African American","Female","142","10.6","1,339,206"
"Early Non-Primary, Non-Secondary Syphilis","2019","United States","NA","35-39","Black/African American","Female","225","15.5","1,452,176"
"Early Non-Primary, Non-Secondary Syphilis","2019","United States","NA","30-34","Black/African American","Female","408","26.5","1,541,900"
"Early Non-Primary, Non-Secondary Syphilis","2019","United States","NA","25-29","Black/African American","Female","631","36.4","1,731,951"
"Early Non-Primary, Non-Secondary Syphilis","2019","United States","NA","20-24","Black/African American","Female","702","46.5","1,510,571"
"Early Non-Primary, Non-Secondary Syphilis","2019","United States","NA","15-19","Black/African American","Female","280","19.6","1,429,443"
"Early Non-Primary, Non-Secondary Syphilis","2019","United States","NA","40-44","Asian","Female","4","0.5","772,724"
"Early Non-Primary, Non-Secondary Syphilis","2019","United States","NA","35-39","Asian","Female","11","1.3","844,068"
"Early Non-Primary, Non-Secondary Syphilis","2019","United States","NA","30-34","Asian","Female","19","2.2","857,685"
"Early Non-Primary, Non-Secondary Syphilis","2019","United States","NA","25-29","Asian","Female","10","1.3","792,421"
"Early Non-Primary, Non-Secondary Syphilis","2019","United States","NA","20-24","Asian","Female","16","2.6","622,844"
"Early Non-Primary, Non-Secondary Syphilis","2019","United States","NA","15-19","Asian","Female","7","1.3","553,165"
"Early Non-Primary, Non-Secondary Syphilis","2019","United States","NA","40-44","American Indian/Alaska Native","Female","16","22.3","71,876"
"Early Non-Primary, Non-Secondary Syphilis","2019","United States","NA","35-39","American Indian/Alaska Native","Female","20","24.9","80,235"
"Early Non-Primary, Non-Secondary Syphilis","2019","United States","NA","30-34","American Indian/Alaska Native","Female","54","62.3","86,658"
"Early Non-Primary, Non-Secondary Syphilis","2019","United States","NA","25-29","American Indian/Alaska Native","Female","49","49.9","98,281"
"Early Non-Primary, Non-Secondary Syphilis","2019","United States","NA","20-24","American Indian/Alaska Native","Female","29","32.4","89,556"
"Early Non-Primary, Non-Secondary Syphilis","2019","United States","NA","15-19","American Indian/Alaska Native","Female","21","24.1","87,058"
"Primary and Secondary Syphilis","2019","United States","NA","40-44","Multiracial","Female","13","8.0","163,487"
"Primary and Secondary Syphilis","2019","United States","NA","35-39","Multiracial","Female","10","5.0","199,137"
"Primary and Secondary Syphilis","2019","United States","NA","30-34","Multiracial","Female","20","8.7","230,054"
"Primary and Secondary Syphilis","2019","United States","NA","25-29","Multiracial","Female","27","9.2","294,198"
"Primary and Secondary Syphilis","2019","United States","NA","20-24","Multiracial","Female","35","10.6","331,702"
"Primary and Secondary Syphilis","2019","United States","NA","15-19","Multiracial","Female","9","2.4","372,732"
"Primary and Secondary Syphilis","2019","United States","NA","40-44","Unknown","Female","52","Data not available","NA"
"Primary and Secondary Syphilis","2019","United States","NA","35-39","Unknown","Female","58","Data not available","NA"
"Primary and Secondary Syphilis","2019","United States","NA","30-34","Unknown","Female","88","Data not available","NA"
"Primary and Secondary Syphilis","2019","United States","NA","25-29","Unknown","Female","99","Data not available","NA"
"Primary and Secondary Syphilis","2019","United States","NA","20-24","Unknown","Female","82","Data not available","NA"
"Primary and Secondary Syphilis","2019","United States","NA","15-19","Unknown","Female","30","Data not available","NA"
"Primary and Secondary Syphilis","2019","United States","NA","40-44","White","Female","247","4.4","5,619,312"
"Primary and Secondary Syphilis","2019","United States","NA","35-39","White","Female","349","5.7","6,085,206"
"Primary and Secondary Syphilis","2019","United States","NA","30-34","White","Female","443","7.2","6,162,490"
"Primary and Secondary Syphilis","2019","United States","NA","25-29","White","Female","442","7.1","6,188,431"
"Primary and Secondary Syphilis","2019","United States","NA","20-24","White","Female","332","5.9","5,633,574"
"Primary and Secondary Syphilis","2019","United States","NA","15-19","White","Female","106","2.0","5,374,563"
"Primary and Secondary Syphilis","2019","United States","NA","40-44","Native Hawaiian/Other Pacific Islander","Female","4","20.0","20,034"
"Primary and Secondary Syphilis","2019","United States","NA","35-39","Native Hawaiian/Other Pacific Islander","Female","5","20.8","24,058"
"Primary and Secondary Syphilis","2019","United States","NA","30-34","Native Hawaiian/Other Pacific Islander","Female","2","7.9","25,258"
"Primary and Secondary Syphilis","2019","United States","NA","25-29","Native Hawaiian/Other Pacific Islander","Female","5","20.2","24,749"
"Primary and Secondary Syphilis","2019","United States","NA","20-24","Native Hawaiian/Other Pacific Islander","Female","5","23.9","20,913"
"Primary and Secondary Syphilis","2019","United States","NA","15-19","Native Hawaiian/Other Pacific Islander","Female","2","9.9","20,244"
"Primary and Secondary Syphilis","2019","United States","NA","40-44","Hispanic/Latino","Female","103","5.1","2,027,845"
"Primary and Secondary Syphilis","2019","United States","NA","35-39","Hispanic/Latino","Female","155","7.2","2,167,700"
"Primary and Secondary Syphilis","2019","United States","NA","30-34","Hispanic/Latino","Female","190","8.7","2,172,650"
"Primary and Secondary Syphilis","2019","United States","NA","25-29","Hispanic/Latino","Female","244","10.3","2,374,415"
"Primary and Secondary Syphilis","2019","United States","NA","20-24","Hispanic/Latino","Female","216","9.2","2,359,028"
"Primary and Secondary Syphilis","2019","United States","NA","15-19","Hispanic/Latino","Female","91","3.7","2,471,758"
"Primary and Secondary Syphilis","2019","United States","NA","40-44","Black/African American","Female","134","10.0","1,339,206"
"Primary and Secondary Syphilis","2019","United States","NA","35-39","Black/African American","Female","230","15.8","1,452,176"
"Primary and Secondary Syphilis","2019","United States","NA","30-34","Black/African American","Female","279","18.1","1,541,900"
"Primary and Secondary Syphilis","2019","United States","NA","25-29","Black/African American","Female","499","28.8","1,731,951"
"Primary and Secondary Syphilis","2019","United States","NA","20-24","Black/African American","Female","525","34.8","1,510,571"
"Primary and Secondary Syphilis","2019","United States","NA","15-19","Black/African American","Female","245","17.1","1,429,443"
"Primary and Secondary Syphilis","2019","United States","NA","40-44","Asian","Female","7","0.9","772,724"
"Primary and Secondary Syphilis","2019","United States","NA","35-39","Asian","Female","9","1.1","844,068"
"Primary and Secondary Syphilis","2019","United States","NA","30-34","Asian","Female","11","1.3","857,685"
"Primary and Secondary Syphilis","2019","United States","NA","25-29","Asian","Female","8","1.0","792,421"
"Primary and Secondary Syphilis","2019","United States","NA","20-24","Asian","Female","6","1.0","622,844"
"Primary and Secondary Syphilis","2019","United States","NA","15-19","Asian","Female","6","1.1","553,165"
"Primary and Secondary Syphilis","2019","United States","NA","40-44","American Indian/Alaska Native","Female","19","26.4","71,876"
"Primary and Secondary Syphilis","2019","United States","NA","35-39","American Indian/Alaska Native","Female","23","28.7","80,235"
"Primary and Secondary Syphilis","2019","United States","NA","30-34","American Indian/Alaska Native","Female","52","60.0","86,658"
"Primary and Secondary Syphilis","2019","United States","NA","25-29","American Indian/Alaska Native","Female","37","37.6","98,281"
"Primary and Secondary Syphilis","2019","United States","NA","20-24","American Indian/Alaska Native","Female","33","36.8","89,556"
"Primary and Secondary Syphilis","2019","United States","NA","15-19","American Indian/Alaska Native","Female","13","14.9","87,058"
"Early Non-Primary, Non-Secondary Syphilis","2018","United States","NA","40-44","Multiracial","Female","3","1.9","157,320"
"Early Non-Primary, Non-Secondary Syphilis","2018","United States","NA","35-39","Multiracial","Female","10","5.2","193,716"
"Early Non-Primary, Non-Secondary Syphilis","2018","United States","NA","30-34","Multiracial","Female","12","5.5","219,989"
"Early Non-Primary, Non-Secondary Syphilis","2018","United States","NA","25-29","Multiracial","Female","27","9.6","281,992"
"Early Non-Primary, Non-Secondary Syphilis","2018","United States","NA","20-24","Multiracial","Female","30","9.3","323,793"
"Early Non-Primary, Non-Secondary Syphilis","2018","United States","NA","15-19","Multiracial","Female","16","4.4","362,764"
"Early Non-Primary, Non-Secondary Syphilis","2018","United States","NA","40-44","Unknown","Female","16","Data not available","NA"
"Early Non-Primary, Non-Secondary Syphilis","2018","United States","NA","35-39","Unknown","Female","32","Data not available","NA"
"Early Non-Primary, Non-Secondary Syphilis","2018","United States","NA","30-34","Unknown","Female","57","Data not available","NA"
"Early Non-Primary, Non-Secondary Syphilis","2018","United States","NA","25-29","Unknown","Female","62","Data not available","NA"
"Early Non-Primary, Non-Secondary Syphilis","2018","United States","NA","20-24","Unknown","Female","47","Data not available","NA"
"Early Non-Primary, Non-Secondary Syphilis","2018","United States","NA","15-19","Unknown","Female","16","Data not available","NA"
"Early Non-Primary, Non-Secondary Syphilis","2018","United States","NA","40-44","White","Female","133","2.4","5,566,960"
"Early Non-Primary, Non-Secondary Syphilis","2018","United States","NA","35-39","White","Female","245","4.1","6,044,443"
"Early Non-Primary, Non-Secondary Syphilis","2018","United States","NA","30-34","White","Female","339","5.5","6,117,697"
"Early Non-Primary, Non-Secondary Syphilis","2018","United States","NA","25-29","White","Female","358","5.7","6,257,678"
"Early Non-Primary, Non-Secondary Syphilis","2018","United States","NA","20-24","White","Female","320","5.6","5,699,762"
"Early Non-Primary, Non-Secondary Syphilis","2018","United States","NA","15-19","White","Female","109","2.0","5,421,639"
"Early Non-Primary, Non-Secondary Syphilis","2018","United States","NA","40-44","Native Hawaiian/Other Pacific Islander","Female","0","0.0","19,381"
"Early Non-Primary, Non-Secondary Syphilis","2018","United States","NA","35-39","Native Hawaiian/Other Pacific Islander","Female","4","17.1","23,388"
"Early Non-Primary, Non-Secondary Syphilis","2018","United States","NA","30-34","Native Hawaiian/Other Pacific Islander","Female","0","0.0","24,813"
"Early Non-Primary, Non-Secondary Syphilis","2018","United States","NA","25-29","Native Hawaiian/Other Pacific Islander","Female","7","28.1","24,931"
"Early Non-Primary, Non-Secondary Syphilis","2018","United States","NA","20-24","Native Hawaiian/Other Pacific Islander","Female","4","18.8","21,257"
"Early Non-Primary, Non-Secondary Syphilis","2018","United States","NA","15-19","Native Hawaiian/Other Pacific Islander","Female","2","10.0","20,024"
"Early Non-Primary, Non-Secondary Syphilis","2018","United States","NA","40-44","Hispanic/Latino","Female","82","4.1","2,006,139"
"Early Non-Primary, Non-Secondary Syphilis","2018","United States","NA","35-39","Hispanic/Latino","Female","180","8.4","2,149,921"
"Early Non-Primary, Non-Secondary Syphilis","2018","United States","NA","30-34","Hispanic/Latino","Female","240","11.2","2,151,095"
"Early Non-Primary, Non-Secondary Syphilis","2018","United States","NA","25-29","Hispanic/Latino","Female","319","13.7","2,328,896"
"Early Non-Primary, Non-Secondary Syphilis","2018","United States","NA","20-24","Hispanic/Latino","Female","320","13.7","2,341,768"
"Early Non-Primary, Non-Secondary Syphilis","2018","United States","NA","15-19","Hispanic/Latino","Female","114","4.7","2,434,298"
"Early Non-Primary, Non-Secondary Syphilis","2018","United States","NA","40-44","Black/African American","Female","99","7.5","1,316,397"
"Early Non-Primary, Non-Secondary Syphilis","2018","United States","NA","35-39","Black/African American","Female","176","12.2","1,445,463"
"Early Non-Primary, Non-Secondary Syphilis","2018","United States","NA","30-34","Black/African American","Female","320","21.5","1,490,801"
"Early Non-Primary, Non-Secondary Syphilis","2018","United States","NA","25-29","Black/African American","Female","560","32.4","1,727,905"
"Early Non-Primary, Non-Secondary Syphilis","2018","United States","NA","20-24","Black/African American","Female","568","36.9","1,541,260"
"Early Non-Primary, Non-Secondary Syphilis","2018","United States","NA","15-19","Black/African American","Female","262","18.2","1,442,310"
"Early Non-Primary, Non-Secondary Syphilis","2018","United States","NA","40-44","Asian","Female","9","1.2","762,724"
"Early Non-Primary, Non-Secondary Syphilis","2018","United States","NA","35-39","Asian","Female","7","0.9","823,022"
"Early Non-Primary, Non-Secondary Syphilis","2018","United States","NA","30-34","Asian","Female","13","1.5","839,788"
"Early Non-Primary, Non-Secondary Syphilis","2018","United States","NA","25-29","Asian","Female","14","1.8","799,156"
"Early Non-Primary, Non-Secondary Syphilis","2018","United States","NA","20-24","Asian","Female","9","1.4","623,488"
"Early Non-Primary, Non-Secondary Syphilis","2018","United States","NA","15-19","Asian","Female","3","0.6","540,045"
"Early Non-Primary, Non-Secondary Syphilis","2018","United States","NA","40-44","American Indian/Alaska Native","Female","10","14.0","71,364"
"Early Non-Primary, Non-Secondary Syphilis","2018","United States","NA","35-39","American Indian/Alaska Native","Female","11","14.0","78,793"
"Early Non-Primary, Non-Secondary Syphilis","2018","United States","NA","30-34","American Indian/Alaska Native","Female","27","31.9","84,632"
"Early Non-Primary, Non-Secondary Syphilis","2018","United States","NA","25-29","American Indian/Alaska Native","Female","34","34.7","97,895"
"Early Non-Primary, Non-Secondary Syphilis","2018","United States","NA","20-24","American Indian/Alaska Native","Female","27","29.8","90,593"
"Early Non-Primary, Non-Secondary Syphilis","2018","United States","NA","15-19","American Indian/Alaska Native","Female","8","9.1","87,618"
"Primary and Secondary Syphilis","2018","United States","NA","40-44","Multiracial","Female","3","1.9","157,320"
"Primary and Secondary Syphilis","2018","United States","NA","35-39","Multiracial","Female","18","9.3","193,716"
"Primary and Secondary Syphilis","2018","United States","NA","30-34","Multiracial","Female","9","4.1","219,989"
"Primary and Secondary Syphilis","2018","United States","NA","25-29","Multiracial","Female","12","4.3","281,992"
"Primary and Secondary Syphilis","2018","United States","NA","20-24","Multiracial","Female","26","8.0","323,793"
"Primary and Secondary Syphilis","2018","United States","NA","15-19","Multiracial","Female","6","1.7","362,764"
"Primary and Secondary Syphilis","2018","United States","NA","40-44","Unknown","Female","24","Data not available","NA"
"Primary and Secondary Syphilis","2018","United States","NA","35-39","Unknown","Female","48","Data not available","NA"
"Primary and Secondary Syphilis","2018","United States","NA","30-34","Unknown","Female","48","Data not available","NA"
"Primary and Secondary Syphilis","2018","United States","NA","25-29","Unknown","Female","46","Data not available","NA"
"Primary and Secondary Syphilis","2018","United States","NA","20-24","Unknown","Female","52","Data not available","NA"
"Primary and Secondary Syphilis","2018","United States","NA","15-19","Unknown","Female","22","Data not available","NA"
"Primary and Secondary Syphilis","2018","United States","NA","40-44","White","Female","155","2.8","5,566,960"
"Primary and Secondary Syphilis","2018","United States","NA","35-39","White","Female","241","4.0","6,044,443"
"Primary and Secondary Syphilis","2018","United States","NA","30-34","White","Female","349","5.7","6,117,697"
"Primary and Secondary Syphilis","2018","United States","NA","25-29","White","Female","370","5.9","6,257,678"
"Primary and Secondary Syphilis","2018","United States","NA","20-24","White","Female","290","5.1","5,699,762"
"Primary and Secondary Syphilis","2018","United States","NA","15-19","White","Female","105","1.9","5,421,639"
"Primary and Secondary Syphilis","2018","United States","NA","40-44","Native Hawaiian/Other Pacific Islander","Female","0","0.0","19,381"
"Primary and Secondary Syphilis","2018","United States","NA","35-39","Native Hawaiian/Other Pacific Islander","Female","1","4.3","23,388"
"Primary and Secondary Syphilis","2018","United States","NA","30-34","Native Hawaiian/Other Pacific Islander","Female","2","8.1","24,813"
"Primary and Secondary Syphilis","2018","United States","NA","25-29","Native Hawaiian/Other Pacific Islander","Female","2","8.0","24,931"
"Primary and Secondary Syphilis","2018","United States","NA","20-24","Native Hawaiian/Other Pacific Islander","Female","5","23.5","21,257"
"Primary and Secondary Syphilis","2018","United States","NA","15-19","Native Hawaiian/Other Pacific Islander","Female","0","0.0","20,024"
"Primary and Secondary Syphilis","2018","United States","NA","40-44","Hispanic/Latino","Female","69","3.4","2,006,139"
"Primary and Secondary Syphilis","2018","United States","NA","35-39","Hispanic/Latino","Female","116","5.4","2,149,921"
"Primary and Secondary Syphilis","2018","United States","NA","30-34","Hispanic/Latino","Female","144","6.7","2,151,095"
"Primary and Secondary Syphilis","2018","United States","NA","25-29","Hispanic/Latino","Female","185","7.9","2,328,896"
"Primary and Secondary Syphilis","2018","United States","NA","20-24","Hispanic/Latino","Female","200","8.5","2,341,768"
"Primary and Secondary Syphilis","2018","United States","NA","15-19","Hispanic/Latino","Female","85","3.5","2,434,298"
"Primary and Secondary Syphilis","2018","United States","NA","40-44","Black/African American","Female","91","6.9","1,316,397"
"Primary and Secondary Syphilis","2018","United States","NA","35-39","Black/African American","Female","170","11.8","1,445,463"
"Primary and Secondary Syphilis","2018","United States","NA","30-34","Black/African American","Female","237","15.9","1,490,801"
"Primary and Secondary Syphilis","2018","United States","NA","25-29","Black/African American","Female","429","24.8","1,727,905"
"Primary and Secondary Syphilis","2018","United States","NA","20-24","Black/African American","Female","476","30.9","1,541,260"
"Primary and Secondary Syphilis","2018","United States","NA","15-19","Black/African American","Female","210","14.6","1,442,310"
"Primary and Secondary Syphilis","2018","United States","NA","40-44","Asian","Female","4","0.5","762,724"
"Primary and Secondary Syphilis","2018","United States","NA","35-39","Asian","Female","6","0.7","823,022"
"Primary and Secondary Syphilis","2018","United States","NA","30-34","Asian","Female","9","1.1","839,788"
"Primary and Secondary Syphilis","2018","United States","NA","25-29","Asian","Female","8","1.0","799,156"
"Primary and Secondary Syphilis","2018","United States","NA","20-24","Asian","Female","11","1.8","623,488"
"Primary and Secondary Syphilis","2018","United States","NA","15-19","Asian","Female","3","0.6","540,045"
"Primary and Secondary Syphilis","2018","United States","NA","40-44","American Indian/Alaska Native","Female","12","16.8","71,364"
"Primary and Secondary Syphilis","2018","United States","NA","35-39","American Indian/Alaska Native","Female","21","26.7","78,793"
"Primary and Secondary Syphilis","2018","United States","NA","30-34","American Indian/Alaska Native","Female","18","21.3","84,632"
"Primary and Secondary Syphilis","2018","United States","NA","25-29","American Indian/Alaska Native","Female","25","25.5","97,895"
"Primary and Secondary Syphilis","2018","United States","NA","20-24","American Indian/Alaska Native","Female","16","17.7","90,593"
"Primary and Secondary Syphilis","2018","United States","NA","15-19","American Indian/Alaska Native","Female","11","12.6","87,618"
"Early Non-Primary, Non-Secondary Syphilis","2017","United States","NA","40-44","Multiracial","Female","4","2.6","152,238"
"Early Non-Primary, Non-Secondary Syphilis","2017","United States","NA","35-39","Multiracial","Female","6","3.2","187,013"
"Early Non-Primary, Non-Secondary Syphilis","2017","United States","NA","30-34","Multiracial","Female","9","4.2","213,036"
"Early Non-Primary, Non-Secondary Syphilis","2017","United States","NA","25-29","Multiracial","Female","13","4.8","269,307"
"Early Non-Primary, Non-Secondary Syphilis","2017","United States","NA","20-24","Multiracial","Female","18","5.7","315,041"
"Early Non-Primary, Non-Secondary Syphilis","2017","United States","NA","15-19","Multiracial","Female","9","2.5","354,642"
"Early Non-Primary, Non-Secondary Syphilis","2017","United States","NA","40-44","Unknown","Female","16","Data not available","NA"
"Early Non-Primary, Non-Secondary Syphilis","2017","United States","NA","35-39","Unknown","Female","21","Data not available","NA"
"Early Non-Primary, Non-Secondary Syphilis","2017","United States","NA","30-34","Unknown","Female","44","Data not available","NA"
"Early Non-Primary, Non-Secondary Syphilis","2017","United States","NA","25-29","Unknown","Female","41","Data not available","NA"
"Early Non-Primary, Non-Secondary Syphilis","2017","United States","NA","20-24","Unknown","Female","39","Data not available","NA"
"Early Non-Primary, Non-Secondary Syphilis","2017","United States","NA","15-19","Unknown","Female","19","Data not available","NA"
"Early Non-Primary, Non-Secondary Syphilis","2017","United States","NA","40-44","White","Female","87","1.6","5,565,859"
"Early Non-Primary, Non-Secondary Syphilis","2017","United States","NA","35-39","White","Female","187","3.1","5,962,130"
"Early Non-Primary, Non-Secondary Syphilis","2017","United States","NA","30-34","White","Female","238","3.9","6,113,264"
"Early Non-Primary, Non-Secondary Syphilis","2017","United States","NA","25-29","White","Female","294","4.7","6,290,748"
"Early Non-Primary, Non-Secondary Syphilis","2017","United States","NA","20-24","White","Female","264","4.6","5,780,323"
"Early Non-Primary, Non-Secondary Syphilis","2017","United States","NA","15-19","White","Female","89","1.6","5,473,994"
"Early Non-Primary, Non-Secondary Syphilis","2017","United States","NA","40-44","Native Hawaiian/Other Pacific Islander","Female","0","0.0","18,901"
"Early Non-Primary, Non-Secondary Syphilis","2017","United States","NA","35-39","Native Hawaiian/Other Pacific Islander","Female","1","4.5","22,372"
"Early Non-Primary, Non-Secondary Syphilis","2017","United States","NA","30-34","Native Hawaiian/Other Pacific Islander","Female","3","12.2","24,561"
"Early Non-Primary, Non-Secondary Syphilis","2017","United States","NA","25-29","Native Hawaiian/Other Pacific Islander","Female","4","15.9","25,100"
"Early Non-Primary, Non-Secondary Syphilis","2017","United States","NA","20-24","Native Hawaiian/Other Pacific Islander","Female","3","13.9","21,553"
"Early Non-Primary, Non-Secondary Syphilis","2017","United States","NA","15-19","Native Hawaiian/Other Pacific Islander","Female","1","5.1","19,791"
"Early Non-Primary, Non-Secondary Syphilis","2017","United States","NA","40-44","Hispanic/Latino","Female","74","3.7","1,978,059"
"Early Non-Primary, Non-Secondary Syphilis","2017","United States","NA","35-39","Hispanic/Latino","Female","109","5.1","2,116,633"
"Early Non-Primary, Non-Secondary Syphilis","2017","United States","NA","30-34","Hispanic/Latino","Female","192","9.0","2,137,853"
"Early Non-Primary, Non-Secondary Syphilis","2017","United States","NA","25-29","Hispanic/Latino","Female","250","11.0","2,272,539"
"Early Non-Primary, Non-Secondary Syphilis","2017","United States","NA","20-24","Hispanic/Latino","Female","259","11.1","2,325,514"
"Early Non-Primary, Non-Secondary Syphilis","2017","United States","NA","15-19","Hispanic/Latino","Female","100","4.2","2,391,859"
"Early Non-Primary, Non-Secondary Syphilis","2017","United States","NA","40-44","Black/African American","Female","74","5.6","1,312,264"
"Early Non-Primary, Non-Secondary Syphilis","2017","United States","NA","35-39","Black/African American","Female","154","10.8","1,425,816"
"Early Non-Primary, Non-Secondary Syphilis","2017","United States","NA","30-34","Black/African American","Female","265","18.1","1,463,866"
"Early Non-Primary, Non-Secondary Syphilis","2017","United States","NA","25-29","Black/African American","Female","428","25.2","1,695,051"
"Early Non-Primary, Non-Secondary Syphilis","2017","United States","NA","20-24","Black/African American","Female","468","29.7","1,578,214"
"Early Non-Primary, Non-Secondary Syphilis","2017","United States","NA","15-19","Black/African American","Female","233","16.0","1,458,332"
"Early Non-Primary, Non-Secondary Syphilis","2017","United States","NA","40-44","Asian","Female","6","0.8","758,739"
"Early Non-Primary, Non-Secondary Syphilis","2017","United States","NA","35-39","Asian","Female","5","0.6","797,712"
"Early Non-Primary, Non-Secondary Syphilis","2017","United States","NA","30-34","Asian","Female","9","1.1","828,146"
"Early Non-Primary, Non-Secondary Syphilis","2017","United States","NA","25-29","Asian","Female","15","1.9","798,867"
"Early Non-Primary, Non-Secondary Syphilis","2017","United States","NA","20-24","Asian","Female","10","1.6","623,760"
"Early Non-Primary, Non-Secondary Syphilis","2017","United States","NA","15-19","Asian","Female","4","0.8","529,606"
"Early Non-Primary, Non-Secondary Syphilis","2017","United States","NA","40-44","American Indian/Alaska Native","Female","4","5.6","71,261"
"Early Non-Primary, Non-Secondary Syphilis","2017","United States","NA","35-39","American Indian/Alaska Native","Female","12","15.6","77,095"
"Early Non-Primary, Non-Secondary Syphilis","2017","United States","NA","30-34","American Indian/Alaska Native","Female","23","27.5","83,517"
"Early Non-Primary, Non-Secondary Syphilis","2017","United States","NA","25-29","American Indian/Alaska Native","Female","28","29.1","96,121"
"Early Non-Primary, Non-Secondary Syphilis","2017","United States","NA","20-24","American Indian/Alaska Native","Female","27","29.3","92,129"
"Early Non-Primary, Non-Secondary Syphilis","2017","United States","NA","15-19","American Indian/Alaska Native","Female","10","11.3","88,726"
"Primary and Secondary Syphilis","2017","United States","NA","40-44","Multiracial","Female","2","1.3","152,238"
"Primary and Secondary Syphilis","2017","United States","NA","35-39","Multiracial","Female","5","2.7","187,013"
"Primary and Secondary Syphilis","2017","United States","NA","30-34","Multiracial","Female","5","2.3","213,036"
"Primary and Secondary Syphilis","2017","United States","NA","25-29","Multiracial","Female","12","4.5","269,307"
"Primary and Secondary Syphilis","2017","United States","NA","20-24","Multiracial","Female","12","3.8","315,041"
"Primary and Secondary Syphilis","2017","United States","NA","15-19","Multiracial","Female","2","0.6","354,642"
"Primary and Secondary Syphilis","2017","United States","NA","40-44","Unknown","Female","13","Data not available","NA"
"Primary and Secondary Syphilis","2017","United States","NA","35-39","Unknown","Female","23","Data not available","NA"
"Primary and Secondary Syphilis","2017","United States","NA","30-34","Unknown","Female","27","Data not available","NA"
"Primary and Secondary Syphilis","2017","United States","NA","25-29","Unknown","Female","29","Data not available","NA"
"Primary and Secondary Syphilis","2017","United States","NA","20-24","Unknown","Female","35","Data not available","NA"
"Primary and Secondary Syphilis","2017","United States","NA","15-19","Unknown","Female","15","Data not available","NA"
"Primary and Secondary Syphilis","2017","United States","NA","40-44","White","Female","103","1.9","5,565,859"
"Primary and Secondary Syphilis","2017","United States","NA","35-39","White","Female","158","2.7","5,962,130"
"Primary and Secondary Syphilis","2017","United States","NA","30-34","White","Female","230","3.8","6,113,264"
"Primary and Secondary Syphilis","2017","United States","NA","25-29","White","Female","281","4.5","6,290,748"
"Primary and Secondary Syphilis","2017","United States","NA","20-24","White","Female","239","4.1","5,780,323"
"Primary and Secondary Syphilis","2017","United States","NA","15-19","White","Female","86","1.6","5,473,994"
"Primary and Secondary Syphilis","2017","United States","NA","40-44","Native Hawaiian/Other Pacific Islander","Female","0","0.0","18,901"
"Primary and Secondary Syphilis","2017","United States","NA","35-39","Native Hawaiian/Other Pacific Islander","Female","4","17.9","22,372"
"Primary and Secondary Syphilis","2017","United States","NA","30-34","Native Hawaiian/Other Pacific Islander","Female","2","8.1","24,561"
"Primary and Secondary Syphilis","2017","United States","NA","25-29","Native Hawaiian/Other Pacific Islander","Female","0","0.0","25,100"
"Primary and Secondary Syphilis","2017","United States","NA","20-24","Native Hawaiian/Other Pacific Islander","Female","2","9.3","21,553"
"Primary and Secondary Syphilis","2017","United States","NA","15-19","Native Hawaiian/Other Pacific Islander","Female","1","5.1","19,791"
"Primary and Secondary Syphilis","2017","United States","NA","40-44","Hispanic/Latino","Female","73","3.7","1,978,059"
"Primary and Secondary Syphilis","2017","United States","NA","35-39","Hispanic/Latino","Female","103","4.9","2,116,633"
"Primary and Secondary Syphilis","2017","United States","NA","30-34","Hispanic/Latino","Female","103","4.8","2,137,853"
"Primary and Secondary Syphilis","2017","United States","NA","25-29","Hispanic/Latino","Female","137","6.0","2,272,539"
"Primary and Secondary Syphilis","2017","United States","NA","20-24","Hispanic/Latino","Female","133","5.7","2,325,514"
"Primary and Secondary Syphilis","2017","United States","NA","15-19","Hispanic/Latino","Female","55","2.3","2,391,859"
"Primary and Secondary Syphilis","2017","United States","NA","40-44","Black/African American","Female","86","6.6","1,312,264"
"Primary and Secondary Syphilis","2017","United States","NA","35-39","Black/African American","Female","126","8.8","1,425,816"
"Primary and Secondary Syphilis","2017","United States","NA","30-34","Black/African American","Female","160","10.9","1,463,866"
"Primary and Secondary Syphilis","2017","United States","NA","25-29","Black/African American","Female","311","18.3","1,695,051"
"Primary and Secondary Syphilis","2017","United States","NA","20-24","Black/African American","Female","402","25.5","1,578,214"
"Primary and Secondary Syphilis","2017","United States","NA","15-19","Black/African American","Female","160","11.0","1,458,332"
"Primary and Secondary Syphilis","2017","United States","NA","40-44","Asian","Female","1","0.1","758,739"
"Primary and Secondary Syphilis","2017","United States","NA","35-39","Asian","Female","4","0.5","797,712"
"Primary and Secondary Syphilis","2017","United States","NA","30-34","Asian","Female","8","1.0","828,146"
"Primary and Secondary Syphilis","2017","United States","NA","25-29","Asian","Female","8","1.0","798,867"
"Primary and Secondary Syphilis","2017","United States","NA","20-24","Asian","Female","7","1.1","623,760"
"Primary and Secondary Syphilis","2017","United States","NA","15-19","Asian","Female","3","0.6","529,606"
"Primary and Secondary Syphilis","2017","United States","NA","40-44","American Indian/Alaska Native","Female","4","5.6","71,261"
"Primary and Secondary Syphilis","2017","United States","NA","35-39","American Indian/Alaska Native","Female","8","10.4","77,095"
"Primary and Secondary Syphilis","2017","United States","NA","30-34","American Indian/Alaska Native","Female","14","16.8","83,517"
"Primary and Secondary Syphilis","2017","United States","NA","25-29","American Indian/Alaska Native","Female","17","17.7","96,121"
"Primary and Secondary Syphilis","2017","United States","NA","20-24","American Indian/Alaska Native","Female","18","19.5","92,129"
"Primary and Secondary Syphilis","2017","United States","NA","15-19","American Indian/Alaska Native","Female","5","5.6","88,726"
"Early Non-Primary, Non-Secondary Syphilis","2016","United States","NA","40-44","Multiracial","Female","3","2.0","148,291"
"Early Non-Primary, Non-Secondary Syphilis","2016","United States","NA","35-39","Multiracial","Female","3","1.7","179,948"
"Early Non-Primary, Non-Secondary Syphilis","2016","United States","NA","30-34","Multiracial","Female","7","3.4","207,038"
"Early Non-Primary, Non-Secondary Syphilis","2016","United States","NA","25-29","Multiracial","Female","12","4.7","254,638"
"Early Non-Primary, Non-Secondary Syphilis","2016","United States","NA","20-24","Multiracial","Female","15","4.9","307,321"
"Early Non-Primary, Non-Secondary Syphilis","2016","United States","NA","15-19","Multiracial","Female","2","0.6","346,684"
"Early Non-Primary, Non-Secondary Syphilis","2016","United States","NA","40-44","Unknown","Female","14","Data not available","NA"
"Early Non-Primary, Non-Secondary Syphilis","2016","United States","NA","35-39","Unknown","Female","13","Data not available","NA"
"Early Non-Primary, Non-Secondary Syphilis","2016","United States","NA","30-34","Unknown","Female","23","Data not available","NA"
"Early Non-Primary, Non-Secondary Syphilis","2016","United States","NA","25-29","Unknown","Female","33","Data not available","NA"
"Early Non-Primary, Non-Secondary Syphilis","2016","United States","NA","20-24","Unknown","Female","38","Data not available","NA"
"Early Non-Primary, Non-Secondary Syphilis","2016","United States","NA","15-19","Unknown","Female","16","Data not available","NA"
"Early Non-Primary, Non-Secondary Syphilis","2016","United States","NA","40-44","White","Female","60","1.1","5,655,501"
"Early Non-Primary, Non-Secondary Syphilis","2016","United States","NA","35-39","White","Female","104","1.8","5,867,253"
"Early Non-Primary, Non-Secondary Syphilis","2016","United States","NA","30-34","White","Female","161","2.6","6,122,152"
"Early Non-Primary, Non-Secondary Syphilis","2016","United States","NA","25-29","White","Female","242","3.9","6,261,727"
"Early Non-Primary, Non-Secondary Syphilis","2016","United States","NA","20-24","White","Female","239","4.1","5,888,374"
"Early Non-Primary, Non-Secondary Syphilis","2016","United States","NA","15-19","White","Female","76","1.4","5,534,363"
"Early Non-Primary, Non-Secondary Syphilis","2016","United States","NA","40-44","Native Hawaiian/Other Pacific Islander","Female","1","5.4","18,400"
"Early Non-Primary, Non-Secondary Syphilis","2016","United States","NA","35-39","Native Hawaiian/Other Pacific Islander","Female","0","0.0","21,459"
"Early Non-Primary, Non-Secondary Syphilis","2016","United States","NA","30-34","Native Hawaiian/Other Pacific Islander","Female","3","12.4","24,284"
"Early Non-Primary, Non-Secondary Syphilis","2016","United States","NA","25-29","Native Hawaiian/Other Pacific Islander","Female","4","16.0","24,966"
"Early Non-Primary, Non-Secondary Syphilis","2016","United States","NA","20-24","Native Hawaiian/Other Pacific Islander","Female","5","22.8","21,972"
"Early Non-Primary, Non-Secondary Syphilis","2016","United States","NA","15-19","Native Hawaiian/Other Pacific Islander","Female","1","5.1","19,569"
"Early Non-Primary, Non-Secondary Syphilis","2016","United States","NA","40-44","Hispanic/Latino","Female","61","3.1","1,946,721"
"Early Non-Primary, Non-Secondary Syphilis","2016","United States","NA","35-39","Hispanic/Latino","Female","105","5.0","2,080,001"
"Early Non-Primary, Non-Secondary Syphilis","2016","United States","NA","30-34","Hispanic/Latino","Female","127","6.0","2,132,153"
"Early Non-Primary, Non-Secondary Syphilis","2016","United States","NA","25-29","Hispanic/Latino","Female","179","8.1","2,203,434"
"Early Non-Primary, Non-Secondary Syphilis","2016","United States","NA","20-24","Hispanic/Latino","Female","200","8.6","2,317,359"
"Early Non-Primary, Non-Secondary Syphilis","2016","United States","NA","15-19","Hispanic/Latino","Female","96","4.1","2,350,432"
"Early Non-Primary, Non-Secondary Syphilis","2016","United States","NA","40-44","Black/African American","Female","82","6.2","1,319,331"
"Early Non-Primary, Non-Secondary Syphilis","2016","United States","NA","35-39","Black/African American","Female","168","12.0","1,402,121"
"Early Non-Primary, Non-Secondary Syphilis","2016","United States","NA","30-34","Black/African American","Female","221","15.3","1,448,464"
"Early Non-Primary, Non-Secondary Syphilis","2016","United States","NA","25-29","Black/African American","Female","393","24.0","1,640,274"
"Early Non-Primary, Non-Secondary Syphilis","2016","United States","NA","20-24","Black/African American","Female","483","29.8","1,621,357"
"Early Non-Primary, Non-Secondary Syphilis","2016","United States","NA","15-19","Black/African American","Female","195","13.3","1,468,662"
"Early Non-Primary, Non-Secondary Syphilis","2016","United States","NA","40-44","Asian","Female","3","0.4","751,192"
"Early Non-Primary, Non-Secondary Syphilis","2016","United States","NA","35-39","Asian","Female","7","0.9","769,520"
"Early Non-Primary, Non-Secondary Syphilis","2016","United States","NA","30-34","Asian","Female","9","1.1","812,693"
"Early Non-Primary, Non-Secondary Syphilis","2016","United States","NA","25-29","Asian","Female","8","1.0","779,440"
"Early Non-Primary, Non-Secondary Syphilis","2016","United States","NA","20-24","Asian","Female","13","2.1","617,777"
"Early Non-Primary, Non-Secondary Syphilis","2016","United States","NA","15-19","Asian","Female","2","0.4","520,740"
"Early Non-Primary, Non-Secondary Syphilis","2016","United States","NA","40-44","American Indian/Alaska Native","Female","1","1.4","71,222"
"Early Non-Primary, Non-Secondary Syphilis","2016","United States","NA","35-39","American Indian/Alaska Native","Female","4","5.2","76,231"
"Early Non-Primary, Non-Secondary Syphilis","2016","United States","NA","30-34","American Indian/Alaska Native","Female","8","9.7","82,346"
"Early Non-Primary, Non-Secondary Syphilis","2016","United States","NA","25-29","American Indian/Alaska Native","Female","11","11.8","93,055"
"Early Non-Primary, Non-Secondary Syphilis","2016","United States","NA","20-24","American Indian/Alaska Native","Female","8","8.5","94,610"
"Early Non-Primary, Non-Secondary Syphilis","2016","United States","NA","15-19","American Indian/Alaska Native","Female","3","3.4","89,350"
"Primary and Secondary Syphilis","2016","United States","NA","40-44","Multiracial","Female","5","3.4","148,291"
"Primary and Secondary Syphilis","2016","United States","NA","35-39","Multiracial","Female","3","1.7","179,948"
"Primary and Secondary Syphilis","2016","United States","NA","30-34","Multiracial","Female","4","1.9","207,038"
"Primary and Secondary Syphilis","2016","United States","NA","25-29","Multiracial","Female","9","3.5","254,638"
"Primary and Secondary Syphilis","2016","United States","NA","20-24","Multiracial","Female","14","4.6","307,321"
"Primary and Secondary Syphilis","2016","United States","NA","15-19","Multiracial","Female","4","1.2","346,684"
"Primary and Secondary Syphilis","2016","United States","NA","40-44","Unknown","Female","14","Data not available","NA"
"Primary and Secondary Syphilis","2016","United States","NA","35-39","Unknown","Female","17","Data not available","NA"
"Primary and Secondary Syphilis","2016","United States","NA","30-34","Unknown","Female","16","Data not available","NA"
"Primary and Secondary Syphilis","2016","United States","NA","25-29","Unknown","Female","18","Data not available","NA"
"Primary and Secondary Syphilis","2016","United States","NA","20-24","Unknown","Female","23","Data not available","NA"
"Primary and Secondary Syphilis","2016","United States","NA","15-19","Unknown","Female","16","Data not available","NA"
"Primary and Secondary Syphilis","2016","United States","NA","40-44","White","Female","77","1.4","5,655,501"
"Primary and Secondary Syphilis","2016","United States","NA","35-39","White","Female","121","2.1","5,867,253"
"Primary and Secondary Syphilis","2016","United States","NA","30-34","White","Female","160","2.6","6,122,152"
"Primary and Secondary Syphilis","2016","United States","NA","25-29","White","Female","188","3.0","6,261,727"
"Primary and Secondary Syphilis","2016","United States","NA","20-24","White","Female","183","3.1","5,888,374"
"Primary and Secondary Syphilis","2016","United States","NA","15-19","White","Female","61","1.1","5,534,363"
"Primary and Secondary Syphilis","2016","United States","NA","40-44","Native Hawaiian/Other Pacific Islander","Female","0","0.0","18,400"
"Primary and Secondary Syphilis","2016","United States","NA","35-39","Native Hawaiian/Other Pacific Islander","Female","3","14.0","21,459"
"Primary and Secondary Syphilis","2016","United States","NA","30-34","Native Hawaiian/Other Pacific Islander","Female","0","0.0","24,284"
"Primary and Secondary Syphilis","2016","United States","NA","25-29","Native Hawaiian/Other Pacific Islander","Female","0","0.0","24,966"
"Primary and Secondary Syphilis","2016","United States","NA","20-24","Native Hawaiian/Other Pacific Islander","Female","2","9.1","21,972"
"Primary and Secondary Syphilis","2016","United States","NA","15-19","Native Hawaiian/Other Pacific Islander","Female","2","10.2","19,569"
"Primary and Secondary Syphilis","2016","United States","NA","40-44","Hispanic/Latino","Female","38","2.0","1,946,721"
"Primary and Secondary Syphilis","2016","United States","NA","35-39","Hispanic/Latino","Female","52","2.5","2,080,001"
"Primary and Secondary Syphilis","2016","United States","NA","30-34","Hispanic/Latino","Female","105","4.9","2,132,153"
"Primary and Secondary Syphilis","2016","United States","NA","25-29","Hispanic/Latino","Female","103","4.7","2,203,434"
"Primary and Secondary Syphilis","2016","United States","NA","20-24","Hispanic/Latino","Female","139","6.0","2,317,359"
"Primary and Secondary Syphilis","2016","United States","NA","15-19","Hispanic/Latino","Female","51","2.2","2,350,432"
"Primary and Secondary Syphilis","2016","United States","NA","40-44","Black/African American","Female","51","3.9","1,319,331"
"Primary and Secondary Syphilis","2016","United States","NA","35-39","Black/African American","Female","100","7.1","1,402,121"
"Primary and Secondary Syphilis","2016","United States","NA","30-34","Black/African American","Female","162","11.2","1,448,464"
"Primary and Secondary Syphilis","2016","United States","NA","25-29","Black/African American","Female","287","17.5","1,640,274"
"Primary and Secondary Syphilis","2016","United States","NA","20-24","Black/African American","Female","367","22.6","1,621,357"
"Primary and Secondary Syphilis","2016","United States","NA","15-19","Black/African American","Female","201","13.7","1,468,662"
"Primary and Secondary Syphilis","2016","United States","NA","40-44","Asian","Female","5","0.7","751,192"
"Primary and Secondary Syphilis","2016","United States","NA","35-39","Asian","Female","9","1.2","769,520"
"Primary and Secondary Syphilis","2016","United States","NA","30-34","Asian","Female","7","0.9","812,693"
"Primary and Secondary Syphilis","2016","United States","NA","25-29","Asian","Female","6","0.8","779,440"
"Primary and Secondary Syphilis","2016","United States","NA","20-24","Asian","Female","8","1.3","617,777"
"Primary and Secondary Syphilis","2016","United States","NA","15-19","Asian","Female","2","0.4","520,740"
"Primary and Secondary Syphilis","2016","United States","NA","40-44","American Indian/Alaska Native","Female","3","4.2","71,222"
"Primary and Secondary Syphilis","2016","United States","NA","35-39","American Indian/Alaska Native","Female","6","7.9","76,231"
"Primary and Secondary Syphilis","2016","United States","NA","30-34","American Indian/Alaska Native","Female","10","12.1","82,346"
"Primary and Secondary Syphilis","2016","United States","NA","25-29","American Indian/Alaska Native","Female","13","14.0","93,055"
"Primary and Secondary Syphilis","2016","United States","NA","20-24","American Indian/Alaska Native","Female","8","8.5","94,610"
"Primary and Secondary Syphilis","2016","United States","NA","15-19","American Indian/Alaska Native","Female","3","3.4","89,350"
